datetime,daily_ret_gross,cost,daily_ret_net,bench_ret,nav,bench_nav
2023-01-03,0.0,0.0,0.0,-0.0040005445,1.0,0.99599946
2023-01-04,4.094181349501014e-16,0.0004749897298289459,-0.0004749897298285365,0.0075389147,0.9995250102701715,1.0035082
2023-01-05,0.005395250843050582,0.000342917017270559,0.005052333825780023,-0.011645496,1.0045749442892726,0.9918219
2023-01-06,0.02002645485730611,0.0003488755534944244,0.019677579303811685,0.022840738,1.024342547422147,1.0144758
2023-01-09,-0.004204316832696609,0.000335263927626323,-0.004539580760322932,-0.0007676482,1.0196924617018892,1.013697
2023-01-10,0.005260721176859134,0.0003444710447703187,0.004916250132088816,0.0069782734,1.024705524901421,1.0207709
2023-01-11,0.0031257056082864628,0.00033439906087543195,0.002791306547411031,0.01284945,1.0275657921422465,1.0338873
2023-01-12,0.003916963974063363,0.00033947376644056197,0.003577490207622801,0.0034159422,1.0312418987013237,1.037419
2023-01-13,0.005335244306171915,0.00033869990444658027,0.004996544401725335,0.003996849,1.0363945446371043,1.0415654
2023-01-17,-0.003949723119603617,0.00033489952160677345,-0.00428462264121039,-0.0020304918,1.0319539851059252,1.0394505
2023-01-18,-0.015513674171714191,0.00032169624555004466,-0.015835370417264235,-0.015562594,1.015612611498201,1.023274
2023-01-19,-0.006989047571601991,0.0003232600175683729,-0.007312307589170364,-0.007638335,1.0081861396914855,1.0154579
2023-01-20,0.005127331088829554,0.00032379798283587087,0.004803533105993683,0.018918395,1.0130289951904976,1.0346687
2023-01-23,0.003190832301248304,0.0003214701904738672,0.002869362110774437,0.0118813515,1.0159357422064133,1.0469619
2023-01-24,0.005050099712128397,0.0003220813478720023,0.004728018364256395,-0.00071150064,1.0207391050524697,1.046217
2023-01-25,0.0021521318623880514,0.0003467117491474513,0.0018054201132406001,-0.00018173456,1.0225819679631027,1.0460268
2023-01-26,0.00507276087507639,0.0003261289441403434,0.004746631930936046,0.011007786,1.0274357881842358,1.0575413
2023-01-27,-0.004575357441304596,0.00033106980512300117,-0.004906427246427597,0.002494812,1.0223947492391336,1.0601796
2023-01-30,0.0003637184439674766,0.0003374716407875658,2.6246803179910824e-05,-0.012968779,1.0224215838328892,1.0464303
2023-01-31,0.013043175179989262,0.00032934703980064955,0.012713828140188612,0.014642477,1.03542047613656,1.0617527
2023-02-01,0.005447140178425957,0.00033603432099665534,0.0051111058574293015,0.0104522705,1.0407126197970438,1.0728503
2023-02-02,-0.010613315418538967,0.00032755518395670424,-0.010940870602495672,0.01469934,1.02932631768946,1.0886205
2023-02-03,-0.003952862059294996,0.00032764306632949606,-0.004280505125624492,-0.0103545785,1.0249202811106501,1.0773484
2023-02-06,-0.0009083969996424656,0.0003315977795703886,-0.0012399947792128543,-0.0061404705,1.0236493853129636,1.070733
2023-02-07,0.01251865762332628,0.0003399620280396074,0.012178695595286672,0.0128724575,1.0361160995729926,1.0845159
2023-02-08,-0.011647426573173227,0.0003277812114625398,-0.011975207784635766,-0.011080742,1.0237083939915996,1.0724987
2023-02-09,-0.00680951446434782,0.0003247626116326531,-0.007134277075980473,-0.0088297725,1.0164049746638566,1.0630288
2023-02-10,0.009922307651931743,0.00033574251328507014,0.009586565138646672,0.002195239,1.026148807160716,1.0653625
2023-02-13,0.013235287006682585,0.00033219169995935325,0.012903095306723232,0.011448622,1.0393893030183912,1.0775594
2023-02-14,-0.0018351233620147464,0.00033464894582084726,-0.0021697723078355938,-0.00028043985,1.0371340648916414,1.0772572
2023-02-15,0.005271229895182478,0.0003383627451240158,0.004932867150058463,0.0027731657,1.0422501094505519,1.0802445
2023-02-16,-0.012403119140903043,0.0003274299089813209,-0.012730549049884365,-0.01378876,1.0289816933099443,1.0653493
2023-02-17,-0.00017365918519933723,0.00032696541816198233,-0.0005006246033613195,-0.002767384,1.0284665597578648,1.062401
2023-02-21,-0.024250572618325424,0.00032322886875527134,-0.024573801487080695,-0.020041287,1.0031932266822743,1.0411092
2023-02-22,0.0010599392323927084,0.00033047383284612775,0.0007294653995465806,-0.001573503,1.0039250214301987,1.039471
2023-02-23,0.00020607836407416185,0.0003294010327645866,-0.00012332266869042476,0.0053293705,1.003801214717391,1.0450108
2023-02-24,-0.009266989080482539,0.0003272169709368493,-0.009594206051419389,-0.010537505,0.9941705390287272,1.033999
2023-02-27,-0.0007197958376592758,0.0003326320401779293,-0.0010524278778372051,0.003072977,0.9931242462381289,1.0371764
2023-02-28,0.0014163785470160774,0.0003220551111572299,0.0010943234358588476,-0.0030360222,0.994211045375507,1.0340275
2023-03-01,-0.004519922306069312,0.00033218736222650043,-0.004852109668295813,-0.004725218,0.989387024349914,1.0291414
2023-03-02,0.0029608014445980236,0.0003297972855888505,0.002631004159009173,0.0075821877,0.9919901057258483,1.0369446
2023-03-03,0.012415413753775513,0.0003325335719230651,0.012082880181852447,0.016147733,1.0039762033149169,1.0536889
2023-03-06,-0.007370356881922438,0.0003315518302787649,-0.007701908712201203,0.00068712234,0.9962436702477631,1.0544128
2023-03-07,-0.01886309719038949,0.00032701237065552906,-0.01919010956104502,-0.015326917,0.9771256450662108,1.038252
2023-03-08,-0.0035369487944688087,0.0003289010263374979,-0.003865849820806307,0.0014147758,0.9733482240663264,1.0397209
2023-03-09,-0.03161753089057962,0.000330321328060689,-0.03194785221864031,-0.01845932,0.9422518388465794,1.0205283
2023-03-10,-0.02136908143766243,0.0003242154325301618,-0.02169329687019259,-0.014478147,0.9218112899799956,1.0057529
2023-03-13,-0.03486413985448416,0.00033818915666572767,-0.035202329011149884,-0.0015097857,0.8893613856639274,1.0042344
2023-03-14,0.009103704976654792,0.000300052770095874,0.008803652206558918,0.016476631,0.8971910139892559,1.0207808
2023-03-15,-0.02828815383005168,0.0003291566929017667,-0.028617310522953448,-0.006980896,0.8715158201435219,1.0136548
2023-03-16,0.010644002929582336,0.0003301414537813281,0.010313861475801009,0.017562032,0.8805045135864512,1.0314567
2023-03-17,-0.03259373509833229,0.00032583634153265635,-0.03291957143986495,-0.011019468,0.8515186823483185,1.0200906
2023-03-20,0.016844130222175225,0.0003191171434939949,0.01652501307868123,0.008918405,0.8655900397108658,1.0291882
2023-03-21,0.02488410541139614,0.0003297311014834866,0.02455437430991265,0.012982249,0.8868440615448585,1.0425494
2023-03-22,-0.021291681031738112,0.0003278913195607028,-0.021619572351298813,-0.01646322,0.8676708721919697,1.0253856
2023-03-23,-0.004089173800607396,0.0003276408216429502,-0.0044168146222503465,0.0029845238,0.8638385307963715,1.028446
2023-03-24,0.0017015230077399148,0.000329289403145077,0.0013722336045948378,0.0056397915,0.8650239190572742,1.0342462
2023-03-27,0.007981852910502466,0.0003296419049582493,0.007652211005544217,0.0016469955,0.8716432646107432,1.0359496
2023-03-28,0.004876828673603696,0.00032927233153446956,0.004547556342069227,-0.0015738606,0.8756071114667456,1.0343192
2023-03-29,0.018831654882441217,0.0003351061813067622,0.018496548701134454,0.014237285,0.8918028210470499,1.0490451
2023-03-30,0.00628003396797328,0.0003399640671610192,0.005940069900812261,0.005715251,0.897100192141811,1.0550406
2023-03-31,0.01206084900297954,0.0003364663817656836,0.011724382621213857,0.014436483,0.9076181380440461,1.0702717
2023-04-03,0.0024979011379273122,0.0003322040375679158,0.0021656971003593964,0.0036988258,0.9095837640138417,1.0742304
2023-04-04,-0.01954081050127513,0.000333720964943902,-0.019874531466219033,-0.005796969,0.8915062128747867,1.0680032
2023-04-05,-0.012431606483486695,0.0003292973888521442,-0.012760903872338839,-0.0024923086,0.8801297877906987,1.0653414
2023-04-06,-0.003644665132558444,0.00032585530015785436,-0.0039705204327162985,0.0035791397,0.8766352144848335,1.0691544
2023-04-10,0.012757312684292364,0.00032782221448810595,0.012429490469804258,0.0009963512,0.8875313435287676,1.0702196
2023-04-11,0.0013489268305205487,0.00033116590334930613,0.0010177609271712425,-4.1365623e-05,0.8884346382518511,1.0701754
2023-04-12,-0.005530508497772172,0.00032640945532602395,-0.005856917953098196,-0.004134953,0.8832311494689196,1.0657502
2023-04-13,0.010978797655360249,0.0003337928142626634,0.010645004841097585,0.013262749,0.8926331493308244,1.079885
2023-04-14,-0.00019345483407109373,0.00032620196146717815,-0.0005196567955382718,-0.002069354,0.892169286448852,1.0776503
2023-04-17,0.009849492233909803,0.00033316743772848756,0.009516324796181315,0.0033061504,0.9006594591518766,1.0812132
2023-04-18,0.0038783962865558655,0.0003354760312354108,0.0035429202553204546,0.00085520744,0.9038504237928519,1.082138
2023-04-19,-0.0022936362174527185,0.0003276382585125323,-0.002621274475965251,-8.428097e-05,0.9014811837468732,1.0820467
2023-04-20,-0.004024724743619852,0.00033608691300208694,-0.004360811656621939,-0.005952537,0.8975499940925645,1.0756059
2023-04-21,0.0009493820018080257,0.00033072384596595397,0.0006186581558420717,0.0009032488,0.8981052707166859,1.0765774
2023-04-24,-0.0005771706295611723,0.0003347847907116641,-0.0009119554202728364,0.00085151196,0.8972862387470802,1.0774941
2023-04-25,-0.022183589444983786,0.0003248882448114053,-0.022508477689795192,-0.015810847,0.8770896914608813,1.0604581
2023-04-26,-0.010393838368199602,0.0003255198747848108,-0.010719358242984412,-0.0038412213,0.8676878528468834,1.0563846
2023-04-27,0.020812041825827843,0.00033081520453235073,0.020481226621295492,0.019566178,0.8854591643975858,1.077054
2023-04-28,0.014350920580230724,0.00033751539765709284,0.014013405182573631,0.008253217,0.8978674624409121,1.0859432
2023-05-01,5.882013381398432e-05,0.000334070288226177,-0.00027525015441219266,-0.00038605928,0.8976203242832336,1.085524
2023-05-02,-0.015806665078846354,0.0003279144300180615,-0.016134579508864415,-0.0115863085,0.883137597792313,1.0729468
2023-05-03,-0.016652583961687766,0.00034696515715904947,-0.016999549118846817,-0.0069983006,0.8681246568199422,1.065438
2023-05-04,-0.008564484615336893,0.00030729648010622705,-0.008871781095443121,-0.007218778,0.860422844901079,1.0577469
2023-05-05,0.02219105431013613,0.0003350818173425207,0.02185597249279361,0.018474698,0.8792282229314082,1.0772884
2023-05-08,0.003868702041188767,0.0003215438373318197,0.0035471582038569473,0.00045216084,0.8823469845354419,1.0777755
2023-05-09,-0.008443828092495413,0.00033244672833119,-0.008776274820826603,-0.0045794845,0.8746032649118312,1.0728399
2023-05-10,0.002754721459495052,0.0003204409270365626,0.0024342805324584897,0.0044840574,0.8767322946132307,1.0776505
2023-05-11,-0.003832547219138749,0.00033909336209317955,-0.004171640581231929,-0.0016966462,0.8730748825941455,1.0758221
2023-05-12,-0.0018102832273081187,0.00033561064102097477,-0.0021458938683290934,-0.0015832782,0.8712013565569945,1.0741187
2023-05-15,0.0038431037139931923,0.0003322247568032092,0.003510878957189983,0.0029581785,0.8742600390672058,1.0772961
2023-05-16,-0.013065926308639134,0.0003245391105120618,-0.013390465419151195,-0.006377697,0.8625532902467307,1.0704255
2023-05-17,0.014715444243947154,0.00032865907259419565,0.014386785171352959,0.011890888,0.8749626591323542,1.0831538
2023-05-18,0.008484438162151647,0.000333539754342553,0.008150898407809094,0.009445071,0.8820943908775685,1.0933843
2023-05-19,-0.00610199261600889,0.0003390040077024315,-0.006440996623711321,-0.0014458895,0.8764128238841313,1.0918033
2023-05-22,-0.00487533320504037,0.00032772857654373816,-0.005203061781584108,0.00015509129,0.8718527938152896,1.0919726
2023-05-23,-0.011591233320680978,0.0003321562300957706,-0.011923389550776748,-0.0112220645,0.8614573533236968,1.0797184
2023-05-24,-0.00764086162692919,0.0003209512959089893,-0.00796181292283818,0.0,0.8545985910355303,1.0797184
2023-05-25,-0.004624232129413177,0.0003323590109672167,-0.004956591140380394,0.0,0.850362695230622,1.0797184
2023-05-26,0.001305465345106539,0.0003322890232840887,0.0009731763218224504,0.013049126,0.8511902480705815,1.0938077
2023-05-30,-0.002362973614192248,0.0003335095411840651,-0.002696483155376313,1.6570091e-05,0.8488950279046387,1.0938258
2023-05-31,-0.005541622551125491,0.00032999713982824973,-0.005871619690953741,-0.0061086416,0.843910639143241,1.087144
2023-06-01,0.004812923791163371,0.00033053068393414054,0.00448239310722923,0.009854436,0.8476933783752542,1.0978572
2023-06-02,0.01989134978362651,0.0003359350933619297,0.01955541469026458,0.014534473,0.8642703739195736,1.113814
2023-06-05,0.0006653550401948899,0.00033146401723570403,0.0003338910229591859,-0.0020036101,0.8645589460388349,1.1115824
2023-06-06,0.011661746092598213,0.0003441077512929172,0.011317638341305296,0.0023539066,0.8743437115148426,1.1141989
2023-06-07,0.007376197432694164,0.0003402536651487317,0.007035943767545432,-0.0038120747,0.8804955447025679,1.1099515
2023-06-08,0.003332247832499839,0.0003358667232665607,0.0029963811092332785,0.006188631,0.8831338449194787,1.1168206
2023-06-09,-0.001906055888934493,0.0003320823811226125,-0.0022381382700571058,0.0011481047,0.8811572692635816,1.1181028
2023-06-12,0.005249261868225126,0.0003329012999674849,0.004916360568257641,0.009321213,0.8854893561166226,1.1285249
2023-06-13,0.006155655592127625,0.00033019364647577444,0.005825461945651851,0.006932497,0.8906477406639598,1.1363484
2023-06-14,0.002839242515266954,0.000332720011088636,0.002506522504178318,0.00081944466,0.8928801692692295,1.1372795
2023-06-15,0.009739565480346239,0.00026470326511519616,0.009474862215231042,0.012178183,0.9013400858477676,1.1511295
2023-06-16,-0.0010663096240885492,0.0003228213142961461,-0.0013891309383846952,-0.0036715865,0.9000880064485102,1.146903
2023-06-20,-0.00776978077616332,0.00032818701077304914,-0.00809796778693637,-0.004735112,0.8927991227668823,1.1414723
2023-06-21,-0.0014031289131074712,0.00026404742473089737,-0.0016671763378383686,-0.0052452683,0.8913106691949625,1.135485
2023-06-22,0.004987735700554078,0.0002926004090402262,0.004695135291513853,0.003710866,0.8954954933736026,1.1396987
2023-06-23,-0.007733472773236025,0.00031380032365037233,-0.008047273096886397,-0.007658839,0.8882891965813942,1.13097
2023-06-26,-0.004113114108058957,0.00031824080478064833,-0.004431354912839605,-0.0044867992,0.8843528718861008,1.1258956
2023-06-27,0.007802710112371356,0.0003398380786089784,0.007462872033762378,0.011455774,0.8909526842016771,1.1387936
2023-06-28,-0.001527627188172793,0.00033624404578299857,-0.0018638712339557916,-0.0003540516,0.8892920631227779,1.1383904
2023-06-29,0.003737088948311176,0.00030408660582881714,0.003433002342482359,0.004473567,0.8923450048586294,1.143483
2023-06-30,0.007125417348321916,0.0003302193685261712,0.006795197979795745,0.01226902,0.8984086658329257,1.1575124
2023-07-03,0.0026787042612225432,0.00033988141960121515,0.002338822841621328,0.0011707544,0.9005098845416861,1.1588676
2023-07-05,-0.0026547129026091706,0.0003252044458794435,-0.002979917348488614,-0.0019683242,0.8978264395142549,1.1565865
2023-07-06,-0.005863731955682149,0.0003234992491435811,-0.006187231204825731,-0.00792253,0.8922713797511747,1.1474234
2023-07-07,0.0013306811082587037,0.0003157544132021013,0.0010149266950566023,-0.0028651357,0.8931769697937191,1.1441358
2023-07-10,0.007314469103895978,0.0003448215299840093,0.006969647573911969,0.0024050474,0.899402098494316,1.1468875
2023-07-11,0.006463489238313705,0.00033023194025284813,0.006133257298060857,0.006742239,0.9049183629787975,1.1546202
2023-07-12,0.0042243342695494806,0.00032937572532365267,0.003894958544225828,0.0074111223,0.9084429824885086,1.1631773
2023-07-13,0.005464281082034803,0.0003369093356193463,0.005127371746415457,0.008470178,0.9131009073701497,1.1730295
2023-07-14,-0.01143909724812893,0.00033271117295010196,-0.011771808421079031,-0.001024425,0.9023520584194749,1.1718279
2023-07-17,0.0007933905722642398,0.0003290930963386159,0.00046429747592562396,0.0038553476,0.9027710182025954,1.1763457
2023-07-18,0.00861433021849344,0.0003398451514764891,0.00827448506701695,0.0071172714,0.9102409835116484,1.1847181
2023-07-19,-0.0013437741140926707,0.00033389778205822655,-0.0016776718961508973,0.0023578405,0.9087138977948862,1.1875116
2023-07-20,0.0025689937435249876,0.00032570699752735904,0.0022432867459976284,-0.0067569017,0.9107524036377133,1.1794877
2023-07-21,0.003007475848808271,0.0003297050979162564,0.0026777707508920147,0.00032413006,0.913191189785479,1.17987
2023-07-24,-0.000258841794536143,0.0003310212188661626,-0.0005898630134023056,0.0040341616,0.9126525320784596,1.1846298
2023-07-25,0.0032268484931276663,0.0003330473842650425,0.002893801108862624,0.0028146505,0.9152935669877945,1.1879641
2023-07-26,0.0004617125083249854,0.00033766299045119753,0.00012404951787378784,-0.00015550852,0.9154071087134924,1.1877793
2023-07-27,-0.011759534663079907,0.0003346371236488764,-0.012094171786728784,-0.006424606,0.9043360178859187,1.1801482
2023-07-28,0.005406261316412627,0.0003240919330804094,0.005082169383332218,0.009877801,0.9089320067082631,1.1918055
2023-07-31,0.0051152557391731255,0.00033504787765518165,0.004780207861517944,0.0014687777,0.9132768906323153,1.193556
2023-08-01,-0.0006989889885091988,0.00033221244383263175,-0.0010312014323418306,-0.0026651025,0.9123351181945706,1.190375
2023-08-02,-0.005052531758565176,0.00032510446107938203,-0.005377636219644558,-0.0138396025,0.9074289118185137,1.1739006
2023-08-03,-0.0023909190735476363,0.0003398612108509398,-0.0027307802843985762,-0.0025479794,0.9049509228366265,1.1709095
2023-08-04,-0.008881083132631258,0.0003199105941710324,-0.009200993726802291,-0.0053001046,0.8966244750725427,1.1647036
2023-08-07,0.008042848800997244,0.0003347513999614095,0.0077080974010358344,0.009024143,0.9035357438585544,1.175214
2023-08-08,-0.007079495910330154,0.0003265144982266844,-0.007406010408556839,-0.0042182803,0.8968441487350348,1.1702566
2023-08-09,-0.001953198902037153,0.00032485607181115164,-0.002278054973848305,-0.007038772,0.8948010884612423,1.1620195
2023-08-10,0.00036299681404504446,0.0003356512705400191,2.7345543505025345e-05,0.00025069714,0.894825557283335,1.1623108
2023-08-11,-0.0031687236751182465,0.00032698723377952134,-0.0034957109088977678,-0.0010697246,0.8916975058211791,1.1610675
2023-08-14,0.008632860297592894,0.0003327527558769481,0.008300107541715946,0.005750537,0.8990986910141748,1.1677443
2023-08-15,-0.010152947606509416,0.0003245211519986061,-0.010477468758508022,-0.011550963,0.8896784125682584,1.1542557
2023-08-16,-0.011168683942888322,0.00032619757293981015,-0.011494881515828132,-0.0075553656,0.8794516646285963,1.1455349
2023-08-17,-0.010498523344393796,0.00033170808533813934,-0.010830231429731935,-0.0077129602,0.8699269995694056,1.1366994
2023-08-18,-0.000443108616038444,0.00033114369923540693,-0.0007742523152738509,-0.00014871359,0.8692534565758697,1.1365304
2023-08-21,0.01801374605689912,0.0003421474437636951,0.017671598613135428,0.0068792105,0.8846145547535591,1.1443489
2023-08-22,-0.004603905825254452,0.00032932881026763325,-0.004933234635522085,-0.0027774572,0.8802505435929618,1.1411705
2023-08-23,0.012606444321849347,0.0003409264381010006,0.012265517883748347,0.01104486,0.8910472723775805,1.1537746
2023-08-24,-0.012158815460856212,0.00032826246087858086,-0.012487077921734794,-0.013458014,0.8799206956554525,1.1382471
2023-08-25,0.0029833296897832495,0.0003395795440348938,0.0026437501457483555,0.0067179203,0.8822469861228386,1.1458938
2023-08-28,0.008628116916090712,0.00033700087667519214,0.00829111603941552,0.0062645674,0.8895617982602076,1.1530724
2023-08-29,0.014490157488744776,0.00033736966943313817,0.014152787819311638,0.014508367,0.9021515776431498,1.1698016
2023-08-30,0.00033426479359550753,0.00033165613848967627,2.6086551058312622e-06,0.0038331747,0.9021539310454691,1.1742857
2023-08-31,-0.005500244812389588,0.00032663576186114273,-0.005826880574250731,-0.0015969872,0.8968971878296763,1.1724104
2023-09-01,0.0042949160308455294,0.00033228439996301753,0.003962631630882512,0.0017992258,0.9004512609958197,1.1745198
2023-09-05,-0.009609315799962125,0.00031734888348948183,-0.009926664683451606,-0.0041942,0.8915127832641231,1.1695936
2023-09-06,-0.0030788683144383905,0.00033496333950442254,-0.003413831653942813,-0.0069715977,0.8884693087047214,1.1614397
2023-09-07,4.246163554661617e-05,0.00032648208276234343,-0.00028402044721572724,-0.0032113194,0.8882169652543256,1.15771
2023-09-08,0.0008420285178867132,0.00032712873439427607,0.0005148997834924371,0.0014266968,0.8886743079774294,1.1593616
2023-09-11,0.0030340230125868533,0.000323082091378555,0.0027109409212082982,0.006723404,0.8910834515245518,1.1671565
2023-09-12,-0.0033692823154021423,0.0003250125364954447,-0.003694294851897587,-0.00569582,0.8877915265169736,1.1605085
2023-09-13,-0.007227355764859625,0.0003327376345221941,-0.007560093399381819,0.0012415648,0.8810797396573256,1.1619494
2023-09-14,0.010717835932793482,0.00033204900302014805,0.010385786929773334,0.008429885,0.8902304461015468,1.1717445
2023-09-15,-0.008551393414090527,0.00032521654790397303,-0.0088766099619945,-0.012159646,0.882328217655211,1.1574965
2023-09-18,1.1906675494061244e-05,0.00032570892852332677,-0.0003138022530292655,0.0007213354,0.8820513410725995,1.1583314
2023-09-19,-0.0008272489275794778,0.0003341638039444583,-0.0011614127315239362,-0.0021510124,0.88102691541522,1.1558398
2023-09-20,-0.0012832995466103456,0.0003268885103579357,-0.0016101880569682815,-0.009394705,0.8796082963981509,1.144981
2023-09-21,-0.015359027905023312,0.0003259730570840198,-0.015685000962107332,-0.016400933,0.8658116394228682,1.1262022
2023-09-22,-0.000377786685253749,0.00033218752954065374,-0.0007099742147944027,-0.0022956133,0.8651969354840091,1.1236169
2023-09-25,0.004985214865551462,0.00033196559476937235,0.004653249270782089,0.004023075,0.8692229124931329,1.1281374
2023-09-26,-0.014249900586525926,0.0003276842656752637,-0.01457758485220119,-0.014734566,0.8565517417307869,1.1115147
2023-09-27,0.007041579312145385,0.000337562195427229,0.0067040171167181565,0.00022935867,0.8622940792687047,1.1117697
2023-09-28,0.010045162535437458,0.00033147068233365176,0.009713691853103806,0.0058932304,0.8706701382414768,1.1183215
2023-09-29,-0.007503052291926514,0.0003302331303814737,-0.007833285422307988,-0.0027095675,0.863849930539951,1.1152914
2023-10-02,-0.00876569879984193,0.0003316206179181915,-0.009097319417760121,7.927418e-05,0.8559912117928191,1.1153798
2023-10-03,-0.013801847900598923,0.00032732009302919045,-0.014129167993628114,-0.013743997,0.8438967681603291,1.1000501
2023-10-04,0.0014387093796797456,0.0003237221190605463,0.0011149872606191994,0.008109689,0.8448377023061054,1.1089711
2023-10-05,-0.004283416329881644,0.00032799378705427055,-0.004611410116935914,-0.0013040304,0.8409418091785222,1.107525
2023-10-06,0.0045491483463043145,0.0003312474493946873,0.004217900896909627,0.011814952,0.8444888183897051,1.1206104
2023-10-09,0.012293319815976885,0.0003377787641572904,0.011955541051819596,0.006303787,0.8545851391257658,1.1276745
2023-10-10,0.010366939849616506,0.00033080482161544937,0.010036135028001056,0.0052080154,0.8631618709749552,1.1335474
2023-10-11,0.0035702344485289968,0.0003340080824734084,0.0032362263660555882,0.004292965,0.8659552581799783,1.1384137
2023-10-12,-0.011483259196817131,0.00031333272680617583,-0.011796591923623307,-0.0062464476,0.8557399373751133,1.1313026
2023-10-13,-0.0019979531709245347,0.00033088542797905053,-0.0023288385989035853,-0.00501889,0.8537470571783309,1.1256247
2023-10-16,0.011982880640925016,0.0003389289140301713,0.011643951726894844,0.010594368,0.8636880466990939,1.13755
2023-10-17,0.0033035664200389875,0.00033429198618981277,0.0029692744338491745,-9.8228455e-05,0.8662525735349788,1.1374383
2023-10-18,-0.014153278422497991,0.000330997345829633,-0.014484275768327625,-0.013399839,0.8537055323748746,1.1221968
2023-10-19,-0.014757272009054256,0.0003241964883038702,-0.015081468497358126,-0.008482873,0.8408303992823425,1.1126773
2023-10-20,-0.016018311047504435,0.00032725854136183316,-0.01634556958886627,-0.012585282,0.8270865474784388,1.0986739
2023-10-23,-0.008367166434468734,0.00032824353048267513,-0.00869540996495141,-0.0016855597,0.8198946908716175,1.096822
2023-10-24,0.00897066747251772,0.00033324055220053655,0.008637426920317182,0.007265806,0.8269764713463771,1.1047913
2023-10-25,-0.01758082397071372,0.00032181938607528295,-0.017902643356789004,-0.014339626,0.812171406515407,1.088949
2023-10-26,-0.004522241874088536,0.0003222923299046294,-0.004844534203993165,-0.011832476,0.8082368143570379,1.076064
2023-10-27,-0.0021340493898351328,0.0003237593917959143,-0.002457808781631047,-0.0048003197,0.8062503228170737,1.0708985
2023-10-30,0.0033201171538937936,0.00033622035855430504,0.0029838967953394885,0.0120100975,0.808656090571569,1.0837601
2023-10-31,0.006437716617980718,0.0003109973632913722,0.006126719254689346,0.0064748526,0.8136104994120956,1.0907773
2023-11-01,0.012590020834341938,0.00034865906809940467,0.012241361766242534,0.010506034,0.8235701998722122,1.102237
2023-11-02,0.01439113615524665,0.0003366579320748812,0.014054478223171768,0.018858552,0.8351450493115694,1.1230236
2023-11-03,0.023179804746302442,0.00033496041271845173,0.02284484433358399,0.009393811,0.8542238079590556,1.133573
2023-11-06,-0.0011398300756267645,0.0003324000200165547,-0.0014722300956433192,0.0017529726,0.8529661939605633,1.1355602
2023-11-07,-0.0037548179428630924,0.0003349808051354776,-0.00408979874799857,0.0028401613,0.8494777338884183,1.1387854
2023-11-08,-0.001717287444091613,0.00033163794117469934,-0.0020489253852663124,0.0010049343,0.8477372173952358,1.1399298
2023-11-09,-0.0014148850444682744,0.000332467019321685,-0.0017473520637899594,-0.00808382,0.8462559220188687,1.1307148
2023-11-10,0.012980837032514257,0.00033429903501103853,0.012646537997503218,0.015616417,0.8569581296922923,1.1483725
2023-11-13,0.0014900212839779076,0.00033570330228541894,0.0011543179816924888,-0.00083583593,0.8579473318709536,1.1474127
2023-11-14,0.0200828044661274,0.0003354184170423202,0.01974738604908508,0.019075036,0.8748895490431918,1.1692996
2023-11-15,0.0009554296983775942,0.0003400016064192306,0.0006154280919583636,0.0015970469,0.8754279806490338,1.171167
2023-11-16,-0.009955321602066391,0.0003244646796547208,-0.010279786281721113,0.001190424,0.8664287681029231,1.1725612
2023-11-17,0.004823536978112303,0.0003282455274177767,0.004495291450694526,0.0012820959,0.870323617936812,1.1740645
2023-11-20,0.005408255755428938,0.000327667946558094,0.005080587808870844,0.0073902607,0.8747453734998741,1.1827412
2023-11-21,-0.001813806741842825,0.00033025811291731194,-0.002144064854760137,-0.002020955,0.872869862687689,1.1803509
2023-11-22,0.003445196595950055,0.00033024616567006536,0.0031149504302799896,0.004061222,0.8755888090420465,1.1851445
2023-11-24,0.0025714847329119175,0.00032485900521026336,0.002246625727701654,0.0005967617,0.877555929387328,1.1858518
2023-11-27,-0.0016891596965384313,0.0003330734596696569,-0.002022233156208088,-0.0019541383,0.8757813066904939,1.1835345
2023-11-28,-0.002819753383850213,0.00032745117384350023,-0.003147204557693713,0.0009801388,0.8730250437705347,1.1846945
2023-11-29,-0.005666831150802998,0.00032858041131377186,-0.005995411562116771,-0.00094634295,0.8677908993290953,1.1835734
2023-11-30,0.012094879137831596,0.00034367727378858016,0.011751201864043015,0.0037841797,0.877988485362891,1.1880522
2023-12-01,0.004842751993903367,0.00033190427045975187,0.004510847723443615,0.00587368,0.8819489577233,1.1950305
2023-12-04,-0.0021163761757908395,0.0003320239478702271,-0.0024484001236610665,-0.005408466,0.8797895937861474,1.1885672
2023-12-05,-0.006441821980233318,0.00032396795674014613,-0.006765789936973464,-0.00056898594,0.8738371222058552,1.1878909
2023-12-06,0.001570460808350506,0.0003280187633287727,0.0012424420450217332,-0.0039061308,0.8749228141869845,1.1832508
2023-12-07,0.0023431575571030263,0.0003331217272845683,0.002010035829818458,0.007968187,0.8766814403918259,1.1926792
2023-12-08,0.0024784407609273066,0.00033249929867539403,0.0021459414622519127,0.0040955544,0.8785627474439496,1.1975639
2023-12-11,0.013209547750024586,0.0003387229842779693,0.012870824765746617,0.00392437,0.8898705746120135,1.2022636
2023-12-12,-0.0004599021010281155,0.0003387692972194009,-0.0007986713982475164,0.004599452,0.8891598604359288,1.2077934
2023-12-13,0.013402764795768907,0.0003361796524485157,0.01306658514332039,0.013650656,0.9007781434583377,1.2242805
2023-12-14,-0.011594550985240646,0.00032857248312539425,-0.011923123468366041,0.0026470423,0.8900380544362785,1.2275212
2023-12-15,-0.004550958388689448,0.0003334633508164823,-0.00488442173950593,-7.6293945e-05,0.8856907332142023,1.2274275
2023-12-18,0.011683309149469258,0.0003246682146525469,0.01135864093481671,0.0045284033,0.895750976232077,1.2329857
2023-12-19,0.004378106562736372,0.00033614950957135353,0.004041957053165018,0.0058664083,0.8993715632083378,1.2402189
2023-12-20,-0.011524061983330268,0.0003213168073845081,-0.011845378790714777,-0.01468426,0.8887181663685377,1.2220072
2023-12-21,0.005059388644783708,0.0003366929752945489,0.004722695669489159,0.010301471,0.8929153118042429,1.2345957
2023-12-22,0.0020187068828498396,0.0003326627662641591,0.0016860441165856804,0.0016601086,0.8944208064123196,1.2366452
2023-12-26,0.0026201121828181915,0.00033452725906146764,0.002285584923756724,0.004231572,0.8964650811229499,1.2418782
2023-12-27,0.00047592218563972244,0.00033299773076512487,0.00014292445487459757,0.0014305115,0.8965932079059834,1.2436547
2023-12-28,0.0016080105274140174,0.00033095224871077,0.0012770582787032473,0.00037026405,0.8977382096847688,1.2441152
2023-12-29,0.003872818172974159,0.00033491534942644316,0.003537902823547716,-0.0028265119,0.9009143202316193,1.2405987
2024-01-02,0.0029493631027591102,0.00033224308881377586,0.002617120013945334,-0.0056605935,0.9032721211299475,1.2335762
2024-01-03,-0.0018190667418567482,0.00033106560430429016,-0.002150132346161038,-0.008016229,0.9013299665249205,1.2236875
2024-01-04,-0.001608956317641092,0.00033685500819609663,-0.0019458113258371886,-0.0034284592,0.8995761484677398,1.2194922
2024-01-05,0.0027040896081046446,0.00032991091500501234,0.002374178693099632,0.0018256903,0.9017119029922525,1.2217187
2024-01-08,0.01120931243346269,0.00034074166766043023,0.01086857076580226,0.014114618,0.91151222262029,1.2389628
2024-01-09,-0.0005861813032514566,0.0003375603180487501,-0.0009237416213002067,-0.0014778972,0.9106702208419318,1.2371317
2024-01-10,0.004517979382918281,0.0003321856305482082,0.0041857937523700735,0.0056658983,0.9144820985628015,1.2441412
2024-01-11,-0.0012083309496685372,0.0003315772882599418,-0.001539908237928479,-0.0006710291,0.9130738800457865,1.2433064
2024-01-12,-0.001225245095757167,0.000327097385679209,-0.001552342481436376,0.0007510185,0.9116564766731015,1.2442402
2024-01-16,-0.003065013418114918,0.00032333024995491737,-0.003388343668069835,-0.00373137,0.9085674712229113,1.2395974
2024-01-17,-0.005431577161910673,0.00032102146367103045,-0.005752598625581704,-0.005616963,0.903340847236706,1.2326347
2024-01-18,0.011106019880067252,0.00033172914959720686,0.010774290730470044,0.008805275,0.9130737041535434,1.2434883
2024-01-19,0.004709132364380381,0.00033223576864610126,0.00437689659573428,0.012313485,0.9170701333409075,1.2588
2024-01-22,0.009438439435763963,0.00033002483562083186,0.009108414600143132,0.0021944046,0.9254231883327851,1.2615623
2024-01-23,0.00234745518105335,0.0003354409557285467,0.002012014225324803,0.0029213428,0.9272851529521562,1.2652478
2024-01-24,-0.008269616975051153,0.00032838381276225996,-0.008598000787813413,0.0008119345,0.9193123544765459,1.2662752
2024-01-25,0.014803217796302923,0.0003420821604894151,0.014461135635813508,0.0052603483,0.9326066551263104,1.2729362
2024-01-26,-0.0031289885672353733,0.00033602713746281075,-0.003465015704698184,-0.0006517768,0.9293751584199916,1.2721065
2024-01-29,0.006015119783827231,0.0003347817731201387,0.005680338010707092,0.007556796,0.9346543234585717,1.2817196
2024-01-30,-0.005142894675316389,0.0003327534571191861,-0.005475648132435575,-0.000600636,0.9295364852578529,1.2809497
2024-01-31,-0.004737916005915006,0.0003320743624310096,-0.005069990368346016,-0.016105711,0.9248237442305695,1.2603191
2024-02-01,0.015772942303454676,0.00033461360486086586,0.01543832869859381,0.01249373,0.9391014771822652,1.2760652
2024-02-02,-0.003254554621902842,0.00032988061771674706,-0.003584435239619589,0.01068449,0.9357353287538743,1.2896993
2024-02-05,-0.008072323719299009,0.0003417240007112062,-0.008414047720010216,-0.003186345,0.9278620070444398,1.2855899
2024-02-06,0.008676192889471244,0.00033330633091738834,0.008342886558553857,0.0023103952,0.9356030545112035,1.2885602
2024-02-07,0.0007562587727412278,0.0003258915311066058,0.00043036724163462195,0.008241534,0.9360057074170384,1.2991799
2024-02-08,0.00443645295980082,0.00032807331244221356,0.0041083796473586065,0.00057053566,0.939851174215202,1.2999212
2024-02-09,-0.0011049063784571466,0.0003335825939049624,-0.001438488972362109,0.0057423115,0.9384992086654319,1.3073857
2024-02-12,0.005310008166413598,0.0003325088329443769,0.004977499333469221,-0.00094890594,0.9431705878510255,1.3061451
2024-02-13,-0.012620948974240839,0.0003227306492099369,-0.012943679623450777,-0.013674259,0.9309624899316201,1.2882845
2024-02-14,0.009409280784233516,0.00033793987629535355,0.009071340907938163,0.009579778,0.9394075680502928,1.300626
2024-02-15,0.008279430400925438,0.00034016775491032457,0.007939262646015114,0.005821228,0.9468657714646983,1.3081973
2024-02-16,-0.011016161647362476,0.0003294802576574241,-0.0113456419050199,-0.0048034787,0.9361229714895395,1.3019134
2024-02-20,-0.0005839556889051279,0.00033451408380030703,-0.0009184697727054349,-0.006005287,0.9352631708366911,1.294095
2024-02-21,-0.00047852427876725307,0.00031741472112278114,-0.0007959389998900342,0.0012642145,0.9345187584038613,1.2957311
2024-02-22,0.023209204512089725,0.00033978732199617775,0.022869417190093548,0.021122932,0.9558906577617675,1.3231007
2024-02-23,0.004508266815995508,0.00033874362188924937,0.0041695231941062585,0.0003478527,0.9598762660303348,1.323561
2024-02-26,-0.0024877738470814458,0.0003346853951079932,-0.002822459242189439,-0.0037867427,0.9571670543919192,1.3185489
2024-02-27,0.0038767836714407714,0.000344484719981719,0.0035322989514590523,0.0017063618,0.9605480545745189,1.3207989
2024-02-28,-0.0003970831457966356,0.00032920972651528203,-0.0007262928723119177,-0.0016582012,0.9598504153689683,1.3186088
2024-02-29,0.005231868716764867,0.0003330135220062333,0.004898855194758633,0.0052291155,0.9645525835624899,1.325504
2024-03-01,0.008382505351098982,0.00033489467784399493,0.008047610673254987,0.008007884,0.972314927228883,1.3361185
2024-03-04,0.0027904925852740422,0.0003354502456858183,0.002455042339588224,-0.0011933446,0.9747020015426435,1.334524
2024-03-05,-0.004153522633460499,0.0003242717118302573,-0.004477794345290756,-0.01019299,0.9703374864317923,1.3209213
2024-03-06,0.007432280465353296,0.0003275091072219246,0.007104771358131371,0.00514102,0.9772315124131141,1.3277122
2024-03-07,0.009303489382371131,0.00034671109542527243,0.008956778286945858,0.010304093,0.9859843584048152,1.341393
2024-03-08,-0.0036269198424452743,0.00032912047256962863,-0.003956040315014903,-0.006528437,0.9820837645329916,1.3326358
2024-03-11,0.002819195745242953,0.00033275862138894535,0.0024864371238540075,-0.0011222959,0.9845256540638607,1.3311402
2024-03-12,0.0030165051531645284,0.0003397937178622592,0.002676711435302269,0.0112018585,0.987160945140442,1.3460515
2024-03-13,-0.004887706478417599,0.00033861735863553375,-0.005226323837053133,-0.0019245744,0.9820017223618466,1.3434609
2024-03-14,-0.007688522352192238,0.00033548079497688085,-0.008024003147169119,-0.0028710365,0.9741221374510897,1.3396038
2024-03-15,-0.001971650291906427,0.0003202769254581726,-0.0022919272173646,-0.006482899,0.9718895204112281,1.3309193
2024-03-18,0.009941199875578675,0.0003302950266336252,0.00961090484894505,0.0063180923,0.9812302581155872,1.3393282
2024-03-19,0.008746109216568425,0.00034092328046598564,0.00840518593610244,0.00564909,0.9894776808811785,1.3468941
2024-03-20,0.011246634113611794,0.0003289223471312589,0.010917711766480535,0.008904219,1.0002805130004047,1.3588872
2024-03-21,0.010889192478058956,0.00034286530423259846,0.010546327173826357,0.0032365322,1.0108297985561099,1.3632853
2024-03-22,-0.004690732981769703,0.00033470086388176203,-0.005025433845651466,-0.0014021993,1.005749940274253,1.3613737
2024-03-25,-0.006754602806182581,0.0003296565324740014,-0.007084259338656583,-0.0030549169,0.9986249468675118,1.3572148
2024-03-26,0.0023819465228637113,0.00033656515273104844,0.002045381370132663,-0.002799809,1.0006675157295843,1.3534149
2024-03-27,0.012432688262977989,0.00034189269913916155,0.012090795563838828,0.008630633,1.012766382089645,1.3650957
2024-03-28,0.0019909836293822833,0.000328588631792455,0.0016623949975898282,0.0011165142,1.014449999856958,1.3666198
2024-04-01,-0.0015023619434304874,0.0003322914924908986,-0.0018346534359213861,-0.0020136237,1.0125888356791501,1.363868
2024-04-02,-0.010262132985560916,0.0003304522977997519,-0.010592585283360668,-0.0072390437,1.0018629020802399,1.3539948
2024-04-03,0.0030561050170002275,0.00033246394473428507,0.0027236410722659425,0.0010911226,1.0045916170291251,1.3554722
2024-04-04,-0.010721915891236397,0.0003287455487750535,-0.01105066144001145,-0.012334347,0.9934902151838626,1.3387533
2024-04-05,0.006888542049362327,0.00033097280790770077,0.006557569241454626,0.011099219,1.0000050960606384,1.3536124
2024-04-08,-0.001281356737922933,0.00033373954225662735,-0.0016150962801795604,-0.0003745556,0.9983899915498302,1.3531054
2024-04-09,-0.0022226693680688307,0.0003281337909260248,-0.0025508031589948554,0.0014454126,0.9958432952054761,1.3550612
2024-04-10,-0.008868258355629127,0.00032786927292518224,-0.00919612762855431,-0.009456992,0.9866853931647265,1.3422464
2024-04-11,-0.0026555029519497327,0.0003364352304009911,-0.002991938182350724,0.0074448586,0.9837332914629492,1.3522393
2024-04-12,-0.009831928864528838,0.00032526270905561543,-0.010157191573584454,-0.0145507455,0.9737413239642473,1.3325632
2024-04-15,-0.01008633600267789,0.00032907874389674895,-0.01041541474657464,-0.012021363,0.963599404219281,1.3165439
2024-04-16,-0.004532136576747041,0.000328910690266693,-0.0048610472670137335,-0.0020564795,0.9589153019689048,1.3138365
2024-04-17,-0.006208878074315392,0.00032349717085334055,-0.0065323752451687325,-0.0057805777,0.9526513073881097,1.3062418
2024-04-18,-0.006421131104970755,0.00032548141166428927,-0.0067466125166350446,-0.0022081733,0.9462241381536963,1.3033574
2024-04-19,-0.007265046065841413,0.0003325706941110352,-0.007597616759952448,-0.0087586045,0.9390350897829883,1.2919418
2024-04-22,0.00764690789633274,0.0003339017493142429,0.007313006147018498,0.008731246,0.9459022591668375,1.3032221
2024-04-23,0.022355689859647795,0.0003312143759654684,0.02202447548368233,0.01196456,0.9667352602838171,1.3188145
2024-04-24,-0.004812955414587588,0.0003318761725454583,-0.005144831587133046,0.00021290779,0.9617615701803136,1.3190953
2024-04-25,0.002883489171165711,0.0003389056348898331,0.002544583536275878,-0.004576385,0.9642088528376173,1.3130586
2024-04-26,0.0044050518232023085,0.00032744926706791564,0.0040776025561343925,0.010209084,0.9681405133205954,1.3264637
2024-04-29,0.005039119590979663,0.0003333566999909466,0.0047057628909887165,0.0031784773,0.9726963530214423,1.3306799
2024-04-30,-0.011455616131281939,0.0003205531603647414,-0.01177616929164668,-0.01573044,0.9612417160988944,1.3097477
2024-05-01,-0.007159792153794969,0.0003408189663468926,-0.007500611120141862,-0.003435433,0.9540318157939788,1.3052481
2024-05-02,0.008349395216298901,0.00034300431037198646,0.008006390905926915,0.009128451,0.9616701674479167,1.317163
2024-05-03,0.010118953952728072,0.0003366892251926468,0.009782264727535425,0.012556791,0.9710774796064655,1.3337023
2024-05-06,0.014409997255323983,0.00033443814137741243,0.01407555911394657,0.010326028,0.9847459380748885,1.3474742
2024-05-07,-0.0004064340258008487,0.00032849117290209003,-0.0007349251987029387,0.0013434887,0.984022223470677,1.3492845
2024-05-08,0.0005173394772998549,0.0003284878455481387,0.00018885163175171623,-5.90086e-06,0.9842080576732594,1.3492765
2024-05-09,0.009891400157867554,0.00033825342660456797,0.009553146731262986,0.005090952,0.9936103416623034,1.3561456
2024-05-10,0.005099189054526677,0.00033486430365553755,0.00476432475087114,0.0016493797,0.9983442240058066,1.3583825
2024-05-13,-0.0053302723075985365,0.0003261235547825292,-0.005656395862381066,-0.0002412796,0.9926971938679081,1.3580548
2024-05-14,0.002740142706018175,0.0003368616111340465,0.0024032810948841285,0.0048377514,0.9950829242668754,1.3646247
2024-05-15,0.010299991563733847,0.00034730660323904284,0.009952684960494805,0.011715889,1.0049866711216715,1.3806125
2024-05-16,0.0002708859366490808,0.00033432931315663026,-6.344337650754947e-05,-0.0020816326,1.0049229113739104,1.3777386
2024-05-17,0.0031821983840429444,0.00033470605183679277,0.0028474923322061516,0.001164794,1.007784421658506,1.3793434
2024-05-20,-0.0027870655251939903,0.00033763852593442917,-0.0031247040511284195,0.000916481,1.0046353935934855,1.3806075
2024-05-21,0.0014192589616821283,0.0003412400672161176,0.0010780188944660108,0.0025018454,1.0057184095298284,1.3840616
2024-05-22,-0.0033373215889145155,0.0003330944908511326,-0.003670416079765648,-0.00270617,1.002027004507774,1.380316
2024-05-23,-0.01214070174755691,0.0003290215644505804,-0.012469723312007491,-0.0073807836,0.9895320050104023,1.3701282
2024-05-24,0.004099092198528475,0.0003297718626940914,0.003769320335834384,0.0070010424,0.9932618681198471,1.3797204
2024-05-28,-0.00869655803131549,0.00033378040664472006,-0.00903033843796021,0.0002487898,0.9842923772932043,1.3800637
2024-05-29,-0.012353759388364208,0.0003293893955062598,-0.012683148783870467,-0.0073670745,0.9718084506251651,1.3698967
2024-05-30,0.007494879984204996,0.0003347571874949613,0.007160122796710034,-0.005975008,0.9787667184665217,1.3617115
2024-05-31,0.01137981374288591,0.0003342235773033366,0.011045590165582573,0.008027911,0.9895777745064152,1.3726432
2024-06-03,-0.008693381444623406,0.00032920154983658847,-0.009022582994459995,0.0011161566,0.980649226906458,1.3741753
2024-06-04,-0.005244238705115066,0.0003304893414881925,-0.005574728046603259,0.0015027523,0.9751823741573427,1.3762404
2024-06-05,0.008511964894901884,0.0003343166783018395,0.008177648216600044,0.011847615,0.9831570725602302,1.3925456
2024-06-06,-0.0048550880425351755,0.0003263410159892366,-0.005181429058524412,-0.00019979477,0.9780629139353729,1.3922673
2024-06-07,-0.0025756138303108965,0.0003412004412846804,-0.002916814271595577,-0.0011152029,0.9752100860694878,1.3907146
2024-06-10,0.006253814946914842,0.00032670019101474875,0.005927114755900093,0.0025808811,0.9809902681607329,1.3943039
2024-06-11,-0.002416592110830855,0.00033774102329884047,-0.0027543331341296955,0.0027103424,0.978288294160879,1.398083
2024-06-12,0.000793507205388363,0.0003371233649890683,0.00045638384039929474,0.008503675,0.9787347691295858,1.4099718
2024-06-13,-0.00478540018431067,0.0003227038086798285,-0.005108103992990498,0.0023446083,0.9737352901473163,1.4132776
2024-06-14,-0.01074639554539344,0.000313106593339914,-0.011059502138733353,-0.0003938675,0.9629662626233719,1.412721
2024-06-17,0.007053497173344624,0.0003375636687797463,0.006715933504564878,0.007664323,0.9694334800102897,1.4235486
2024-06-18,0.0024831884338426024,0.0003327162167611882,0.002150472217081414,0.0025212765,0.9715182197753603,1.4271377
2024-06-20,-0.0009769274331844228,0.00033447864516474,-0.0013114060783491629,-0.002525866,0.97024416487672,1.423533
2024-06-21,-0.0012493003297548487,0.0003341060096398764,-0.001583406339394725,-0.0015621781,0.9687078741152936,1.4213091
2024-06-24,-0.0008247957878606588,0.000316855639800324,-0.0011416514276609828,-0.0030651093,0.9676019473878235,1.4169526
2024-06-25,-0.0013782452992834526,0.0003348334435038699,-0.0017130787427873224,0.003933549,0.9659443690602737,1.4225262
2024-06-26,-0.001161381777231333,0.0003229404238402089,-0.001484322201071542,0.0015723705,0.9645105963882775,1.424763
2024-06-27,-0.00098001139493243,0.0003329287132755109,-0.001312940108207941,0.0009074211,0.9632442517414878,1.4260558
2024-06-28,-0.0016224384610841784,0.00033209577082054625,-0.0019545342319047245,-0.004083693,0.9613615578777736,1.4202322
2024-07-01,-0.002049173493608753,0.00032788015568910273,-0.0023770536492978556,0.0026756525,0.9590763498783256,1.4240322
2024-07-02,0.002997410313519628,0.0003339081281359837,0.0026635021853836445,0.006195307,0.9616308518321762,1.4328545
2024-07-03,0.006774582199735253,0.00034228510959010853,0.006432297090145145,0.0050843954,0.9678163471622101,1.4401398
2024-07-05,-0.0013938779793781898,0.0003300077613524013,-0.001723885740730591,0.005448818,0.9661479423616912,1.4479868
2024-07-08,0.0012486669273626982,0.00033229983425089036,0.0009163670931118078,0.0010166168,0.9670332885431492,1.4494588
2024-07-09,0.002456972930081544,0.00033089697800981415,0.00212607595207173,0.00074112415,0.9690892747627737,1.450533
2024-07-10,0.008610784493317172,0.0003348487103423021,0.008275935782974869,0.010208011,0.9771093953686801,1.4653401
2024-07-11,0.005474401630271746,0.0003421344900427445,0.005132267140229001,-0.008763015,0.9821241818109399,1.4524994
2024-07-12,0.0032119858109890408,0.000335407164564636,0.0028765786464244048,0.005517006,0.9849493392604742,1.4605129
2024-07-15,-0.007624722642657719,0.00033753934698333213,-0.007962261989641051,0.0028262138,0.9771069145747585,1.4646406
2024-07-16,0.008472040756141877,0.00032578463180767624,0.0081462561243342,0.0063893795,0.9850666777617424,1.4739988
2024-07-17,-0.0071341580607742604,0.0003221736679735279,-0.007456331728747789,-0.013927579,0.9777216938374153,1.4534695
2024-07-18,-4.979993361233177e-05,0.00033632675562924273,-0.0003861266892415745,-0.007816374,0.9773441693967742,1.4421086
2024-07-19,-0.009549758132418179,0.0003334884729637181,-0.009883246605381897,-0.007140279,0.9676848359522937,1.4318116
2024-07-22,0.017997161702742952,0.0003371021858270344,0.01766005951691592,0.010792136,0.9847742077488282,1.4472638
2024-07-23,0.0017914589792289673,0.0003298084107694195,0.0014616505684595478,-0.001558125,0.9862136035293885,1.4450089
2024-07-24,-0.01841633850664082,0.0003339165231419171,-0.01875025502978274,-0.023149073,0.9677218469493714,1.4115583
2024-07-25,-0.002824757364219393,0.0003490760993902719,-0.003173833463609665,-0.005142629,0.9646504589680573,1.4042991
2024-07-26,0.016442706703517922,0.00034066739385211245,0.01610203930966581,0.011090517,0.9801832985784482,1.4198736
2024-07-29,0.003905271744333032,0.00034438637097903543,0.0035608853733539963,0.000813365,0.9836736189495621,1.4210285
2024-07-30,-0.010764670859491218,0.00031918096323519464,-0.011083851822726414,-0.0049601793,0.9727707263152001,1.4139799
2024-07-31,0.01559259013592457,0.00033953265781711325,0.015253057478107457,0.015793324,0.9876084541167063,1.4363114
2024-08-01,-0.028224049536057415,0.00031231574709663154,-0.028536365283154046,-0.0136935115,0.9594256985133008,1.4166433
2024-08-02,-0.01886426800675452,0.00032455528775258866,-0.01918882329450711,-0.018381894,0.94101544832032,1.3906027
2024-08-05,-0.02298399104392018,0.0003193641995216014,-0.02330335524344178,-0.029968798,0.919086631038545,1.348928
2024-08-06,0.01765845677621504,0.0003472216980452828,0.017311235078169757,0.010354161,0.9349971557656563,1.362895
2024-08-07,-0.01660110686786562,0.00033116775606563566,-0.016932274623931255,-0.0077346563,0.9191655271516377,1.3523535
2024-08-08,0.045043305030803546,0.0003461475640081998,0.04469715746679535,0.023042679,0.9602496134567844,1.3835154
2024-08-09,0.005064204822386864,0.00033532780126521364,0.00472887702112165,0.004671693,0.964790515788401,1.3899788
2024-08-12,0.0018837436860259552,0.0003312186646624136,0.0015525250213635417,4.3034554e-05,0.9662883772045368,1.3900386
2024-08-13,0.018343241219501035,0.0003438447454765303,0.017999396474024505,0.01684761,0.9836809848140831,1.4134574
2024-08-14,0.002176868610551663,0.00032976593901451896,0.0018471026715371438,0.0038237572,0.9854979445890735,1.4188621
2024-08-15,0.012242432824833114,0.0003415121713689341,0.011900920653464181,0.01613319,0.99722627743178,1.4417529
2024-08-16,0.0011353258774532656,0.0003345062111202423,0.0008008196663330233,0.0019897223,0.9980248758465314,1.4446216
2024-08-19,0.00884694385375554,0.0003277486529386229,0.008519195200816917,0.009722352,1.0065272445791391,1.4586667
2024-08-20,-0.0035328015533218353,0.0003324228822539588,-0.003865224435575794,-0.0019845963,1.0026367908783191,1.4557718
2024-08-21,0.007986702777675731,0.0003317670338513312,0.0076549357438243995,0.0042396784,1.010311911086887,1.4619439
2024-08-22,-0.0017769033550981681,0.0003321400231451462,-0.0021090433782433144,-0.008932769,1.0081811194408488,1.4488846
2024-08-23,0.007805915582525549,0.00033636568331859765,0.007469549899206951,0.011483431,1.0157117786199505,1.4655228
2024-08-26,-0.000550110823407739,0.00033359562170185347,-0.0008837064451095926,-0.003153801,1.0148141875748105,1.4609008
2024-08-27,-8.912973919057376e-05,0.0003270116548191035,-0.0004161413940096773,0.0015952587,1.0143918813841322,1.4632313
2024-08-28,-0.0003707585147862761,0.0003330920262859345,-0.0007038505410722106,-0.0059760213,1.0136779011095607,1.454487
2024-08-29,0.002170809023179924,0.00033299278531742253,0.0018378162378625013,-3.9339066e-05,1.0155408548161822,1.4544297
2024-08-30,0.009298440431354497,0.0003351226696434607,0.008963317761711036,0.010092974,1.0246434701978993,1.4691093
2024-09-03,-0.016403594060120767,0.000325608312457223,-0.016729202372577988,-0.021151066,1.007502002225218,1.4380361
2024-09-04,0.000864358747320813,0.0003306147449812847,0.0005337440023395283,-0.0016025305,1.0080397503762508,1.4357315
2024-09-05,-0.008667590099993848,0.0003231167675223858,-0.008990706867516234,-0.003017962,0.9989767604698137,1.4313985
2024-09-06,-0.019629820789838482,0.00032420077873063447,-0.019954021568569118,-0.017260313,0.9790431566448997,1.4066921
2024-09-09,0.013380101444193467,0.0003330383817875869,0.01304706306240588,0.01158011,0.9918167944504626,1.4229817
2024-09-10,0.004816133470363015,0.0003277493303575491,0.004488384140005466,0.0044726133,0.996268449220465,1.4293462
2024-09-11,0.009303963201088668,0.00032853146211101435,0.008975431738977654,0.010665059,1.0052103886801405,1.4445902
2024-09-12,0.006314781504107302,0.0003409670127595765,0.0059738144913477256,0.007495284,1.011215329066891,1.4554179
2024-09-13,0.008054213328345685,0.00033967459770689796,0.007714538730638787,0.005407691,1.0190163888879933,1.4632883
2024-09-16,0.0015058903720284102,0.0003271930466226159,0.0011786973254057944,0.0012567043,1.0202175007801202,1.4651272
2024-09-17,-0.0035309918321904015,0.00032887371489280303,-0.0038598655470832043,0.0002645254,1.0162795983983277,1.4655148
2024-09-18,-0.0041914536669294886,0.000335507203326447,-0.004526960870255936,-0.0028963685,1.011678940423139,1.4612701
2024-09-19,0.008608776250079287,0.00032969489706691495,0.008279081353012372,0.016976833,1.0200547126740316,1.4860778
2024-09-20,-0.0014189558777970976,0.0003347088633929273,-0.001753664741190025,-0.0019410253,1.0182658786903305,1.4831933
2024-09-23,0.004597120279328134,0.0003440533323056391,0.004253066947022495,0.0028092861,1.022596631642269,1.48736
2024-09-24,-0.0015114589826498582,0.00033115989100279225,-0.0018426188736526505,0.0025111437,1.0207123757886714,1.491095
2024-09-25,-0.004078252481507717,0.00032451081366580056,-0.004402763295173517,-0.0018612146,1.0162184208056195,1.4883198
2024-09-26,0.005320669430253177,0.0003342671164802559,0.004986402313772921,0.0040386915,1.0212856946904234,1.4943306
2024-09-27,0.001750542482143761,0.0003342336072757174,0.0014163088748680437,-0.0012531877,1.0227321506835891,1.492458
2024-09-30,0.005268887822150605,0.00033612042426507395,0.004932767397885531,0.0042364597,1.0277770504932506,1.4987807
2024-10-01,-0.002076700742565835,0.00032824063794122045,-0.0024049413805070554,-0.009324074,1.0253053069345839,1.484806
2024-10-02,-0.0019171726935873193,0.0003324227122517993,-0.0022495954058391185,0.00013828278,1.0229987848265214,1.4850112
2024-10-03,-0.0068350172153020155,0.00032701353548685215,-0.0071620307507888675,-0.0016813874,1.015672036071574,1.4825144
2024-10-04,0.0014305658002529405,0.00032863033745319224,0.0011019354627997482,0.008970261,1.0167912411066953,1.4958129
2024-10-07,-0.012310570809339057,0.0003300993348929496,-0.012640670144232006,-0.009586036,1.0039383184223214,1.4814739
2024-10-08,0.0050733629337912966,0.0003249070275204108,0.004748455906270886,0.009689331,1.0087054752599656,1.4958284
2024-10-09,0.0073373981136681,0.00033245818728637336,0.0070049399263817265,0.0071133375,1.0157713965175739,1.5064688
2024-10-10,-0.006074023402568507,0.0003342848629977943,-0.006408308265566301,-0.0020700693,1.0092620202813445,1.5033503
2024-10-11,0.009495583761468728,0.00033536913415570805,0.00916021462731302,0.006051779,1.0185070770023172,1.5124482
2024-10-14,0.007593951417441638,0.0003400916898116829,0.007253859727629955,0.007707596,1.0258951844704904,1.5241055
2024-10-15,0.007123806601903629,0.00033242462869679303,0.006791381973206836,-0.007609427,1.032862430532703,1.512508
2024-10-16,0.00395433926827654,0.00033656692519700094,0.003617772343079539,0.004679203,1.03659909166809,1.5195854
2024-10-17,-0.005313905836598984,0.00032080550508827043,-0.005634711341687255,-0.00017118454,1.030758155009485,1.5193253
2024-10-18,0.004277451642101299,0.0003352038681907826,0.003942247773910517,0.0039715767,1.0348216590515114,1.5253594
2024-10-21,-0.008456924091895652,0.0003334801648486237,-0.008790404256744275,-0.00182271,1.0257251583348137,1.5225791
2024-10-22,-0.0039701603896618,0.00033005878150163824,-0.004300219171163438,-0.0004749298,1.0213143153445976,1.521856
2024-10-23,-0.0020110889960818093,0.00034355262499343006,-0.002354641621075239,-0.009191275,1.0189094861494872,1.5078682
2024-10-24,-0.0018381818368571978,0.0003365347430775115,-0.0021747165799347093,0.0021457672,1.016693646796505,1.5111037
2024-10-25,-0.0038949511487207096,0.0003295662380002961,-0.004224517386721006,-0.00029939413,1.0123986068086444,1.5106514
2024-10-28,0.004861353583194055,0.0003370567782664398,0.004524296804927616,0.002651453,1.016978998590742,1.5146568
2024-10-29,-0.004150683128167376,0.00033054092202038034,-0.004481224050187756,0.0016140938,1.0124216878437213,1.5171015
2024-10-30,-0.0011533430327787771,0.00032420717878290896,-0.0014775502115616861,-0.0033003092,1.0109257839646582,1.5120946
2024-10-31,-0.02073499028775117,0.0003350818991592155,-0.021070072186910385,-0.01861465,0.9896255047209138,1.4839475
2024-11-01,0.0011147216409469322,0.000329907907455301,0.0007848137334916312,0.004092455,0.9904021764080323,1.4900205
2024-11-04,0.001145122717503745,0.000325981611262215,0.0008191411062415299,-0.002812028,0.9912134555424391,1.4858305
2024-11-05,0.019915139068462883,0.00033364241809787207,0.019581496650365012,0.012265563,1.01062289850194,1.5040551
2024-11-06,0.025594459091458948,0.00034620491355917554,0.025248254177899773,0.025295973,1.0361393623213229,1.5421016
2024-11-07,0.005944022687989119,0.0003470995762920708,0.0055969231116970485,0.0074312687,1.041938554665238,1.5535614
2024-11-08,0.014065197939217124,0.00034008755556520743,0.013725110383651916,0.0037567616,1.0562392763410011,1.5593978
2024-11-11,0.003496011867252915,0.00033352384113201073,0.0031624880261209042,0.0009691715,1.0595796204051482,1.5609092
2024-11-12,-0.006604929636572101,0.00033161555103078063,-0.006936545187602882,-0.0028927326,1.0522297984883449,1.5563939
2024-11-13,0.002621991765085074,0.00033305855783045957,0.0022889332072546145,0.0002322197,1.0546382822157676,1.5567553
2024-11-14,-0.009184452155121354,0.0003204552517720251,-0.00950490740689338,-0.0060496926,1.0446140429955417,1.5473374
2024-11-15,0.0031307981582891923,0.00033412516875105355,0.0027966729895381385,-0.013203502,1.0475354868740796,1.5269071
2024-11-18,0.006498664311498443,0.0003330982078368005,0.0061655661036616426,0.0039178133,1.0539941361643332,1.5328892
2024-11-19,-0.003054248745044658,0.00032783715823377785,-0.003382085903278436,0.0039635897,1.0504294374542738,1.538965
2024-11-20,0.003812820151303435,0.0003296552330633412,0.0034831649182400937,2.193451e-05,1.0540882564199012,1.5389987
2024-11-21,0.011958923666940005,0.00033768269114852937,0.011621240975791475,0.005340457,1.0663380700575087,1.5472177
2024-11-22,0.00656530837141394,0.0003332479514810469,0.006232060419932893,0.0034679174,1.0729835533381817,1.5525833
2024-11-25,0.012347898570064861,0.0003348165865149404,0.01201308198354992,0.003020525,1.0858733927314341,1.5572729
2024-11-26,0.00083432444824184,0.00033012411313286256,0.0005042003351089775,0.0057219267,1.0864208904599353,1.5661836
2024-11-27,-0.0014577512121539224,0.0003344246252523605,-0.001792175837406283,-0.0038012266,1.0844738331907995,1.5602301
2024-11-29,-1.2164749646188213e-05,0.00033562078075907254,-0.00034778553040526076,0.005607724,1.0840966688835125,1.5689795
2024-12-02,-0.0033037626477683906,0.00033660419013760976,-0.0036403668379060006,0.0024484396,1.0801501593210245,1.572821
2024-12-03,-0.000868776768573615,0.0003315472204934967,-0.0012003239890671117,0.00045144558,1.0788536291729969,1.573531
2024-12-04,0.005022223546944626,0.00032981637940625395,0.004692407167538372,0.006051421,1.083916049675253,1.5830531
2024-12-05,-0.0006875033289977204,0.0003300421279103324,-0.0010175454569080528,-0.0018697977,1.0828131158232361,1.5800931
2024-12-06,0.0007289391266638896,0.00033479261531519326,0.00039414651134869635,0.0024955273,1.0832399028352804,1.5840364
2024-12-09,-0.007364778686034453,0.00033801687646791844,-0.007702795562502371,-0.006144285,1.0748959273185952,1.5743036
2024-12-10,-0.004434997722823444,0.00032992838225930364,-0.004764926105082747,-0.0029639006,1.0697741276542676,1.5696375
2024-12-11,0.0036540213144748528,0.0003283034694385659,0.0033257178450362868,0.008165836,1.0733318945607655,1.5824549
2024-12-12,-0.005253017605937721,0.00033344506591897956,-0.0055864626718567,-0.0054140687,1.0673357659972886,1.5738873
2024-12-13,-0.003372591312076435,0.0003281183890636073,-0.0037007097011400422,-2.6464462e-05,1.0633858661736888,1.5738457
2024-12-16,0.0017526108148518914,0.00033258164232457843,0.001420029172527313,0.0037994385,1.0648959051253086,1.5798255
2024-12-17,-0.009605220103335746,0.0003354920749596868,-0.009940712178295433,-0.00386405,1.0543100814326125,1.573721
2024-12-18,-0.031626718918853575,0.0003183445557370997,-0.031945063474590675,-0.029492855,1.0206300789593468,1.5273075
2024-12-19,0.0008439425400184655,0.00034168937709074573,0.0005022531629277197,-0.0008651018,1.0211426936446832,1.5259862
2024-12-20,0.020240048436575887,0.0003335541589663373,0.01990649427760955,0.010869026,1.0414700648323438,1.5425721
2024-12-23,0.000289214383948866,0.00033995822112173313,-5.074383717286712e-05,0.007287383,1.0414172166449536,1.5538135
2024-12-24,0.011052203821413299,0.00033365944046927427,0.010718544380944025,0.011042714,1.0525796933006417,1.5709717
2024-12-26,-0.0018659222076855065,0.0003308927109882276,-0.002196814918673734,-0.0004056692,1.0502673705273058,1.5703344
2024-12-27,-0.008066737498194584,0.00032978767923138214,-0.008396525177425966,-0.011055708,1.0414487741076444,1.5529733
2024-12-30,-0.01209677526142291,0.00032677950708625273,-0.012423554768509162,-0.010702074,1.0285102782239213,1.5363532
2024-12-31,-0.00150781010007601,0.00033275101877024767,-0.0018405611188462576,-0.0042847395,1.0266172421954887,1.5297704
2025-01-02,-0.004293165867383069,0.00032570963642980044,-0.00461887550381287,-0.0022238493,1.0218754249637199,1.5263684
2025-01-03,0.013096173784594718,0.0003398929449942685,0.01275628083960045,0.012596011,1.034910754867643,1.5455946
2025-01-06,0.00672938832602956,0.00033399796242119964,0.00639539036360836,0.0055379868,1.041529413136518,1.554154
2025-01-07,-0.007682865467027255,0.0003456835824559815,-0.008028549049483236,-0.011103928,1.033167443156672,1.5368968
2025-01-08,0.0007912805198815507,0.00033128376114580327,0.0004599967587357474,0.0015603304,1.0336426968317554,1.5392948
2025-01-10,-0.020523258436944417,0.00032397367841113616,-0.020847232115355552,-0.015411675,1.0120941076065617,1.5155717
2025-01-13,0.0017147572927143126,0.00033155122933643805,0.0013832060633778745,0.00157547,1.0134940423129122,1.5179595
2025-01-14,0.005879450236728397,0.0003436284245345606,0.005535821812193836,0.0011461973,1.0191045647388766,1.5196993
2025-01-15,0.014843311114142142,0.00033736514793269225,0.014505945966209449,0.018312931,1.033887640488896,1.5475295
2025-01-16,0.005673683695146772,0.00032424467724775414,0.005349439017899018,-0.0021126866,1.0394183593730508,1.54426
2025-01-17,0.007375217239149346,0.00032727527067380756,0.007047941968475539,0.00999105,1.04674411965088,1.5596888
2025-01-21,0.01084138277930714,0.00033624241317244206,0.010505140366134699,0.008768201,1.0577403135552386,1.5733645
2025-01-22,-0.0022516043708815533,0.000326369085882093,-0.0025779734567636463,0.006137848,1.0550134871027443,1.5830215
2025-01-23,0.0035967506736580973,0.00033298905338947823,0.003263761620268619,0.0053135157,1.058456799630816,1.5914329
2025-01-24,0.0004258951113914831,0.000329988266557224,9.590684483425907e-05,-0.0028551817,1.0585583128828622,1.5868891
2025-01-27,0.0040098325894737715,0.00033418248529100186,0.0036756501041827695,-0.014580667,1.0624492028558936,1.5637512
2025-01-28,0.005000161309886539,0.00033733058907334224,0.004662830720813196,0.009217739,1.0674032236382736,1.5781654
2025-01-29,0.0036512308441336194,0.00032361540640600257,0.003327615437727617,-0.0046788454,1.0709551310835324,1.5707815
2025-01-30,0.009123761909258551,0.00034163481743926624,0.008782127091819285,0.0052753687,1.080360395154344,1.579068
2025-01-31,-0.007491593917666771,0.000334467681826319,-0.00782606159949309,-0.0050468445,1.0719054281522133,1.5710987
2025-02-03,-0.007445054150546719,0.0003285017077571328,-0.007773555858303851,-0.007608533,1.063572911431653,1.559145
2025-02-04,0.002172750854455964,0.0003264468629066541,0.00184630399154931,0.0072249174,1.065536590343333,1.5704097
2025-02-05,0.010219010124924531,0.00032788261785435865,0.009891127507070174,0.003908634,1.0760759486218676,1.5765479
2025-02-06,0.003072100432407473,0.00033798021635819654,0.0027341202160492766,0.0036443472,1.079018069626999,1.5822934
2025-02-07,-0.00193351762091657,0.0003439351131727661,-0.002277452734089336,-0.0094648,1.0765606569741952,1.5673172
2025-02-10,0.004215136091094175,0.00034097053806621963,0.0038741655530279556,0.006712556,1.0807314311871896,1.577838
2025-02-11,-0.009811316504978915,0.0003346224103025212,-0.010145938915281436,0.00033962727,1.0697663961025397,1.5783738
2025-02-12,-0.00951568824471491,0.00032550900899100486,-0.009841197253705913,-0.0027238727,1.0592386139831085,1.5740745
2025-02-13,0.008485881832227656,0.00034195505255080086,0.008143926779676855,0.010426283,1.0678649756975933,1.5904863
2025-02-14,-0.001083954878452766,0.0003377908263439357,-0.0014217457047967018,-7.1942806e-05,1.0663467432550924,1.5903718
2025-02-18,0.008711463183438543,0.00033158647050911114,0.008379876712929432,0.0024449825,1.0752825974968039,1.5942603
2025-02-19,-0.00240740373586705,0.00032466103621919964,-0.0027320647720862493,0.0023770332,1.0723448557921456,1.59805
2025-02-20,-0.007638320488015948,0.0003388233600390509,-0.007977143848054999,-0.0043342113,1.0637906066227698,1.5911237
2025-02-21,-0.02603412029650403,0.00031230888508288434,-0.026346429181586913,-0.017064095,1.0357635227413455,1.5639726
2025-02-24,-0.00785006899784191,0.00034589244435038194,-0.008195961442192291,-0.0049690604,1.0272744448457283,1.5562011
2025-02-25,-0.008517188636196504,0.00033591821816562515,-0.008853106854362129,-0.0046797395,1.0181798744167534,1.5489185
2025-02-26,0.015300775368953757,0.0003419702659264059,0.014958805103027351,0.0001360178,1.0334106287179785,1.5491291
2025-02-27,-0.02367471885608205,0.0003189529298288279,-0.02399367178591088,-0.01586461,1.0086153132724476,1.5245528
2025-02-28,0.016941990226201502,0.000334654235070533,0.01660733599113097,0.01585412,1.025365726665763,1.5487232
2025-03-03,-0.019984280626101053,0.00031414146662843575,-0.020298422092729487,-0.017596781,1.004552420346483,1.5214707
2025-03-04,-0.017205658271366345,0.0003205703847571126,-0.01752622865612346,-0.012234807,0.9869464049304284,1.5028558
2025-03-05,0.008084188616451897,0.0003429260408515367,0.00774126257560036,0.011159301,0.9945866161990397,1.5196266
2025-03-06,-0.039010023271194585,0.0003277158590316533,-0.039337739130226236,-0.017818987,0.9554618273485874,1.4925485
2025-03-07,-0.0027080722056089346,0.0003373165810278279,-0.0030453887866367622,0.005520582,0.9525520746135205,1.5007882
2025-03-10,-0.04217209092040267,0.00032919116407099307,-0.042501282084473666,-0.026973069,0.9120673901902207,1.4603074
2025-03-11,0.018579713984387784,0.00035731038018848075,0.018222403604199303,-0.0075678825,0.9286874502884956,1.449256
2025-03-12,0.021176847118593467,0.00033309380584856015,0.020843753312744906,0.0048868656,0.948044782406951,1.4563383
2025-03-13,-0.02435136861416013,0.0003186406204771595,-0.02467000923463729,-0.013890982,0.9246565088701219,1.4361084
2025-03-14,0.030970203906785315,0.00034299529035666516,0.03062720861642865,0.021265864,0.9529761566658258,1.4666485
2025-03-17,0.011352641248781468,0.00033709956491044204,0.011015541683871026,0.0064160824,0.9634737052433134,1.4760586
2025-03-18,-0.012712016431707626,0.0003237533842605866,-0.013035769815968212,-0.010653555,0.9509140837980236,1.4603333
2025-03-19,0.013037536259740553,0.00032385938465022385,0.012713676875090328,0.0107985735,0.9630036981954042,1.4761028
2025-03-20,-0.000849671655836118,0.0003331180248775817,-0.0011827896807136997,-0.0021848679,0.9618646673586896,1.4728777
2025-03-21,-0.0011687409891191723,0.00033990268981476754,-0.00150864367893394,0.00082468987,0.9604135563082891,1.4740924
2025-03-24,0.018445155943718393,0.0003293096087195589,0.018115846334998836,0.017645955,0.9778122607124198,1.5001042
2025-03-25,-0.0030649506442326784,0.0003256940623230156,-0.003390644706555694,0.0015743971,0.97449684674663,1.502466
2025-03-26,0.005346596453329371,0.00033990250993201615,0.005006693943397355,-0.011156976,0.979375854207096,1.485703
2025-03-27,-0.003110131940207285,0.0003389792780873142,-0.0034491112182945993,-0.0033070445,0.9759978779614235,1.4807897
2025-03-28,-0.013810468683200239,0.0003215754058948502,-0.014132044089095089,-0.019737124,0.9622050329192093,1.4515631
2025-03-31,0.007194396709113562,0.0003377138227645967,0.006856682886348965,0.0055384636,0.9688025677015853,1.4596026
2025-04-01,0.004451970926175046,0.00033325149265289814,0.004118719433522148,0.0037811995,0.9727927936644241,1.4651216
2025-04-02,0.010635583486824007,0.0003295387870801959,0.010306044699743812,0.0067281723,0.9828184396795183,1.4749792
2025-04-03,-0.057653014717180644,0.0003243769057916559,-0.0579773916229723,-0.048395634,0.9258371901079403,1.4035966
2025-04-04,-0.05438134952274173,0.0003222565916589782,-0.054703606114400706,-0.059749544,0.875190557134212,1.3197324
2025-04-07,0.007582240043222164,0.000315935633100101,0.007266304410122063,-0.0023314953,0.8815499581392134,1.3166555
2025-04-08,-0.015975483872999702,0.0003308613593482021,-0.016306345232347905,-0.01570046,0.8671751001822336,1.2959834
2025-04-09,0.08819014245095208,0.0003671559552544739,0.0878229864956976,0.09515381,0.9433330072949432,1.4193012
2025-04-10,-0.062429955773616416,0.00030851803608334744,-0.06273847380969977,-0.03460759,0.8841497341229441,1.3701825
2025-04-11,0.016292110270332505,0.00035010504562968826,0.015942005224702818,0.018092155,0.8982448538037516,1.3949721
2025-04-14,0.015680220225475792,0.00033152269855853144,0.015348697526917261,0.007944703,0.9120317423698954,1.4060547
2025-04-15,0.00018164662661612616,0.00032364394355073345,-0.0001419973169346073,-0.0017277598,0.9119022363095196,1.4036254
2025-04-16,-0.006263640997620712,0.00032983678160131337,-0.006593477779222025,-0.022408366,0.9058896291775899,1.3721725
2025-04-17,0.0034123687716884365,0.000336854285690794,0.0030755144859976424,0.0013269186,0.9086757058548407,1.3739933
2025-04-21,-0.021098056642278123,0.00032701869470752544,-0.02142507533698565,-0.023567498,0.8892072604000121,1.3416117
2025-04-22,0.025469595733460863,0.0003393319107210603,0.025130263822739803,0.025117159,0.91155327344696,1.3753092
2025-04-23,0.002269665430198097,0.0003335120351005897,0.0019361533950975071,0.016661167,0.9133181804121565,1.3982235
2025-04-24,0.01017360257601018,0.00033593762898420453,0.009837664947025976,0.020259142,0.9223030986610787,1.4265503
2025-04-25,-0.003929385514920109,0.00033095759660739586,-0.004260343111527505,0.0073730946,0.9183737710079576,1.4370683
2025-04-28,0.0072461828202383055,0.00033834066540794,0.0069078421548303655,0.00064074993,0.9247177520572168,1.4379891
2025-04-29,0.0039038282839924388,0.00034465028407570345,0.0035591779999167355,0.0058022738,0.9280089871364713,1.4463327
2025-04-30,0.004494386836603273,0.0003320547838985507,0.004162332052704722,0.0014801025,0.9318716686888274,1.4484735
2025-05-01,-0.007244077835196315,0.00033006439983632906,-0.007574142235032643,0.006299019,0.9248135401253811,1.4575974
2025-05-02,0.0152505545268155,0.00033682586491566596,0.014913728661899835,0.014726639,0.9386059583256621,1.4790629
2025-05-05,-0.0001859461813213267,0.0003319440907269646,-0.0005178902720482912,-0.006381631,0.9381198634305586,1.469624
2025-05-06,-0.0014394708305567117,0.00032486062026127117,-0.0017643314508179828,-0.007693231,0.936464709050871,1.4583179
2025-05-07,0.004227555561201429,0.0003401905580216176,0.0038873650031798117,0.0043463707,0.9401050891875483,1.4646562
2025-05-08,-0.0026097966580041,0.00032377762903927176,-0.002933574287043372,0.0057998896,0.9373472210707892,1.4731511
2025-05-09,-0.004514647859137369,0.0003361969475341826,-0.004850844806671552,-0.00071150064,0.9328002951714099,1.4721029
2025-05-12,-0.0021501766914161307,0.00033312897246525733,-0.002483305663881388,0.0325588,0.9304838669151405,1.5200328
2025-05-13,-9.224311579990805e-05,0.0003324269716615131,-0.0004246700874614212,0.007248163,0.9300887182499963,1.5310502
2025-05-14,0.000265346483799373,0.00033001445894421423,-6.466797514484125e-05,0.0010244846,0.930028571295882,1.5326188
2025-05-15,0.017637677967115226,0.00033814382195473903,0.017299534145160486,0.004132271,0.94611763232099,1.538952
2025-05-16,0.014597375770975387,0.00033240246486707336,0.014264973306108314,0.007005334,0.9596139750904872,1.5497329
2025-05-19,0.0018444550948588795,0.0003306224977815993,0.00151383259707728,0.00087606907,0.9610666700065902,1.5510906
2025-05-20,-0.002993438730778568,0.00032439974519145857,-0.0033178384759700265,-0.0038802028,0.9578780060308699,1.5450721
2025-05-21,-0.01439199131562521,0.00032258756640677407,-0.014714578882031985,-0.016135156,0.9437832345517652,1.5201421
2025-05-22,-0.0068973243789354375,0.00032321382763752013,-0.007220538206572958,-0.00044482946,0.9369686116479611,1.5194659
2025-05-23,0.002503188787496325,0.00032754830151078833,0.002175640485985537,-0.0067082644,0.9390071184935601,1.5092729
2025-05-27,0.013368298051225393,0.0003498171396507775,0.013018480911574615,0.020459056,0.9512315647415012,1.5401512
2025-05-28,-0.007669455276947632,0.0003263690157977532,-0.007995824292745386,-0.005571246,0.9436256842881149,1.5315707
2025-05-29,0.005485863791755074,0.00032456858167791104,0.005161295210077164,0.004011154,0.948496015012537,1.537714
2025-05-30,0.0033564997124315857,0.0003214226075317082,0.0030350771048998776,-8.1181526e-05,0.9513747735517903,1.5375892
2025-06-02,0.005745739404379638,0.0003317271164929551,0.0054140122878866825,0.0041019917,0.9565255282661852,1.5438963
2025-06-03,-0.0008857030964214208,0.00032905878225227334,-0.001214761878673694,0.005800247,0.9553635775184692,1.5528513
2025-06-04,-0.01042374916672211,0.00032442032342313817,-0.010748169490145247,7.367134e-05,0.9450951678625892,1.5529658
2025-06-05,-0.0002465356480729225,0.0003271969484840215,-0.000573732596556944,-0.0052773356,0.944552935957938,1.5447702
2025-06-06,0.0023314042632796785,0.00032898526355130633,0.0020024189997283723,0.010280609,0.9464443267031493,1.5606514
2025-06-09,-0.003946205331927932,0.00032668620944110023,-0.004272891541369032,0.0009200573,0.9424002727452027,1.5620873
2025-06-10,0.0020160275617127545,0.00033097540432999506,0.0016850521573827594,0.0054830313,0.9439882663579101,1.5706522
2025-06-11,-0.002101264271086993,0.0003315604621929401,-0.002432824733279933,-0.0027438998,0.9416917083555886,1.5663426
2025-06-12,0.006610296921443854,0.00033541241688590486,0.00627488450455795,0.0038224459,0.9476007150644198,1.5723299
2025-06-13,-0.0059126193576065945,0.0003132401075979812,-0.006225859465204576,-0.0112963915,0.9417010861833013,1.5545682
2025-06-16,0.0036998193267806516,0.00033222900097681826,0.0033675903258038333,0.009392619,0.9448723496509313,1.5691696
2025-06-17,-0.0031142576518306334,0.00032791160153636056,-0.0034421692533669937,-0.00835216,0.9416199391006062,1.5560637
2025-06-18,0.0006844324281064081,0.0003230052793302679,0.00036142714877614016,-0.0003092289,0.941960266110426,1.5555825
2025-06-20,0.0007336776579869947,0.00032447359035994526,0.00040920406762704945,-0.002178669,0.9423457200828615,1.5521934
2025-06-23,0.011592126804143,0.0003351330955877411,0.01125699370855526,0.009606481,0.9529536999251182,1.5671046
2025-06-24,0.008634425632865173,0.0003338094360495222,0.00830061619681565,0.01112175,0.9608638028415319,1.5845336
2025-06-25,-0.004916647873705721,0.000332993886225338,-0.005249641759931059,-3.2782555e-06,0.9558196120965289,1.5845283
2025-06-26,0.0077069840744152926,0.0003371671747336576,0.007369816899681635,0.008020163,0.962863827626805,1.5972365
2025-06-27,0.009345572379832823,0.00033088411472382716,0.009014688265108995,0.0052188635,0.9715437448746103,1.6055722
2025-06-30,0.005899013685255777,0.0003382555602106156,0.005560758125045162,0.005164385,0.9769462646477586,1.6138641
2025-07-01,-0.0006916513016397733,0.00032302760199763163,-0.001014678903637405,-0.0011185408,0.9759549778830332,1.6120589
2025-07-02,-0.0010312304615815117,0.00033397799946564735,-0.001365208461047159,0.004745126,0.9746225958896262,1.6197083
2025-07-03,0.011686453360225753,0.00033594535017365123,0.011350508010052102,0.008339047,0.9856850574710491,1.6332151
2025-07-07,-0.0006251096494679668,0.00033621137519054524,-0.000961321024658512,-0.007862389,0.9847374977016105,1.6203741
2025-07-08,-0.006783518458647541,0.00032740406904875684,-0.007110922527696298,-0.0007159114,0.9777351056453368,1.619214
2025-07-09,-0.0003889306104270866,0.0003287295629170795,-0.000717660173344166,0.00606215,0.9770334240999347,1.62903
2025-07-10,-0.0032281596503537565,0.00033643659413263395,-0.0035645962444863905,0.0027462244,0.9735506944256503,1.6335037
2025-07-11,-0.0038713840791560834,0.00033299540906376376,-0.004204379488219848,-0.0032975078,0.969457517855265,1.6281172
2025-07-14,0.009644332120870429,0.0003366284604699189,0.009307703660400509,0.0014073849,0.9784809411428094,1.6304086
2025-07-15,-0.007963210288355093,0.00032464565790741066,-0.008287855946262504,-0.003956318,0.9703714320564545,1.6239582
2025-07-16,-0.000580048073943636,0.000339963946337274,-0.00092001202028091,0.0031936169,0.9694786786748253,1.6291445
2025-07-17,0.008671407586031214,0.000337135244361999,0.008334272341669216,0.0053738356,0.9775585780123429,1.6378993
2025-07-18,0.006519612681148819,0.00033921415297420433,0.006180398528174614,-9.0539455e-05,0.9836002796090948,1.637751
2025-07-21,-2.2996802890541776e-05,0.0003326967235257811,-0.0003556935264163229,0.0013991594,0.9832504193570566,1.6400424
2025-07-22,0.0007948163166669713,0.00033217675667068336,0.000462639559996288,0.0006375313,0.9837053098984341,1.641088
2025-07-23,0.0013326874705970628,0.0003319606693873676,0.0010007268012096951,0.007811904,0.9846897301665418,1.653908
2025-07-24,0.003132579720883233,0.00033563967054030074,0.002796940050342932,0.0006982088,0.987443848310006,1.6550628
2025-07-25,0.009125806118867496,0.00033234149827072876,0.008793464620596768,0.0039743185,0.9961269008549459,1.6616405
2025-07-28,-0.003009225132561137,0.0003308548984350283,-0.0033400800309961653,0.00017690659,0.9927997572850622,1.6619345
2025-07-29,0.000685982127207046,0.0003372595319411452,0.00034872259526590085,-0.0029594898,0.993145968993002,1.657016
2025-07-30,-0.0033804264402620327,0.0003354250462128328,-0.0037158514864748656,-0.001249373,0.9894555860678328,1.6549459
2025-07-31,-0.007001867361512081,0.00032677564126976533,-0.007328643002781846,-0.0036948323,0.9822042193104334,1.6488311
2025-08-01,-0.01668624509049357,0.00033058227849448117,-0.01701682736898805,-0.015992105,0.9654902196693361,1.6224629
2025-08-04,0.012692074700184913,0.00033438214538429617,0.012357692554800617,0.014737129,0.9774214509686766,1.6463733
2025-08-05,-0.004982962583112951,0.0003307248401373094,-0.0053136874232502605,-0.004857838,0.9722277388974494,1.6383754
2025-08-06,-0.0033051976222691765,0.00032856673192362053,-0.003633764354192797,0.0072818995,0.9686948923956864,1.6503059
2025-08-07,0.008778491979943579,0.00033398261234445523,0.008444509367599124,-0.00079745054,0.9768750454888672,1.6489898
2025-08-08,0.0016763765224452885,0.0003343048869224654,0.001342071635522823,0.0077997446,0.9781860817788678,1.6618515
2025-08-11,-0.0029897591688526383,0.00032252534364344675,-0.003312284512496085,-0.00250417,0.9749460511698524,1.6576899
2025-08-12,0.022458708524903028,0.00033293079757615253,0.022125777727326875,0.011345506,0.9965174907941717,1.6764972
2025-08-13,0.010163864625075588,0.0003286235639016698,0.009835241061173918,0.003230095,1.0063184805378087,1.6819124
2025-08-14,-0.009330754248687862,0.00032320567621135684,-0.009653959924899218,0.00030303,0.9966035222550111,1.682422
2025-08-15,-0.012973026488128083,0.00033123209096117283,-0.013304258579089257,-0.0028971434,0.9833444512940993,1.6775478
2025-08-18,0.001886598818069544,0.00033367060494556277,0.0015529282131239812,-0.00010073185,0.9848715146357327,1.6773788
2025-08-19,-0.005356222436341582,0.000324509283110494,-0.005680731719452076,-0.005858183,0.9792767237829567,1.6675524
2025-08-20,-0.001831555521313362,0.0003309419771228037,-0.002162497498436166,-0.002431631,0.9771590403174993,1.6634974
2025-08-21,-0.0013065052449425095,0.0003314441604407286,-0.0016379494053832381,-0.0040041804,0.9755585032484465,1.6568365
2025-08-22,0.016671791007059848,0.0003380066918484036,0.016333784315211444,0.015186429,0.991493065427377,1.6819979
2025-08-25,-0.003073486751196729,0.00033732525761786375,-0.0034108120088145923,-0.004266441,0.988111268973161,1.6748217
2025-08-26,0.00951244823204001,0.0003297533525709648,0.009182694879469046,0.0041339397,0.9971847932631066,1.6817453
2025-08-27,-0.0003865704240868952,0.00032928022055587005,-0.0007158506446427652,0.0023909807,0.9964709578860212,1.6857663
2025-08-28,0.0015009339332936267,0.000337450972439663,0.0011634829608539636,0.0031567812,0.9976303348665075,1.691088
2025-08-29,-0.009820548977687181,0.00032679629405776107,-0.010147345271744943,-0.006398201,0.9875070354050505,1.680268
2025-09-02,-0.007235980167716638,0.00032835327073912944,-0.007564333438455768,-0.0069223046,0.9800372029164257,1.6686367
2025-09-03,0.0005353635161727136,0.0003363059832831434,0.0001990575328895702,0.005100131,0.9802322867041783,1.6771469
2025-09-04,0.0070575702689663474,0.00033532886172068957,0.006722241407245658,0.008346438,0.9868216447705802,1.6911451
2025-09-05,-0.004565792474532627,0.00033539163645113457,-0.0049011841109837615,-0.0031651855,0.9819850502048558,1.6857923
2025-09-08,0.004159557952346408,0.00033712563864900263,0.003822432313697405,0.0021060705,0.9857386215923267,1.6893427
2025-09-09,-3.468158810531396e-05,0.00032859517395946635,-0.0003632767620647803,0.0026881695,0.9853805256576325,1.693884
2025-09-10,-0.010857117709690932,0.0003390925763709061,-0.011196210286061839,0.002983451,0.9743479980805794,1.6989377
2025-09-11,0.015936441031800676,0.00034690899827057595,0.0155895320335301,0.008485913,0.9895376274084626,1.7133547
2025-09-12,-0.010394243555852849,0.00033685559173098187,-0.010731099147583831,-0.00048273802,0.9789188010184775,1.7125276
2025-09-15,0.0008129967654215813,0.000333267452730482,0.00047972931269109933,0.004706621,0.9793884170620705,1.7205878
2025-09-16,-0.002140455636218005,0.00033391428867056904,-0.002474369924888574,-0.0012879968,0.9769650478181079,1.7183717
2025-09-17,0.0032658638301653847,0.00031795902189656636,0.0029479048082688185,-0.0009701252,0.9798450477800814,1.7167047
2025-09-18,0.0056315785313711345,0.00032546277705103885,0.005306115754320096,0.004789114,0.9850442190248999,1.7249262
2025-09-19,-0.0004050446238740178,0.00032449007145055113,-0.000729534695324569,0.004885435,0.9843255950906924,1.7333533
2025-09-22,-0.0002470601733420091,0.0003313503833445741,-0.0005784105566865832,0.0044100285,0.9837562507752751,1.7409974
2025-09-23,0.0012775990282674345,0.000332073634915732,0.0009455253933517026,-0.005502224,0.9846864172912515,1.7314181
2025-09-24,-0.007247315310540627,0.0003305272679521531,-0.00757784257849278,-0.0028465986,0.9772246186318383,1.7264894
2025-09-25,-0.006190385322783768,0.000325471358740376,-0.006515856681524144,-0.005009055,0.9708571630711762,1.7178414
2025-09-26,0.013321132452958892,0.0003326113297221333,0.012988521123236759,0.0059018135,0.983467161841372,1.7279798
2025-09-29,0.005395249052053472,0.0003327474160360888,0.005062501636017383,0.0026355982,0.9884459659571632,1.732534
2025-09-30,0.005134095855666126,0.0003326739596441822,0.0048014218960219434,0.004090786,0.9931919120611444,1.7396215
2025-10-01,-0.001921958825530646,0.0003349147263672575,-0.0022568735518979036,0.0033999681,0.9909504035028548,1.7455362
2025-10-02,0.007161406288315428,0.0003433067929506818,0.006818099495364747,0.0006183386,0.9977068019489091,1.7466155
2025-10-03,0.006045683394459148,0.0003420228014431788,0.005703660593015969,6.556511e-05,1.003397382918569,1.7467301
2025-10-06,0.0016876717661922348,0.00033236523780994187,0.001355306528382293,0.003646493,1.0047572939422,1.7530996
2025-10-07,-0.004838002406611849,0.00034037264868666463,-0.005178375055298514,-0.0038113594,0.9995542838346205,1.7464179
2025-10-08,0.003107129801257211,0.0003320153216624005,0.0027751144795948104,0.0058276653,1.002328161400831,1.7565954
2025-10-09,-0.007920699805186854,0.0003366495236917078,-0.008257349328878562,-0.0027555227,0.9940515876299718,1.751755
2025-10-10,-0.024704965437287407,0.0003316937875843024,-0.025036659224871707,-0.02711165,0.9691638567785374,1.704262
2025-10-13,0.016226206321957228,0.00032787890831902517,0.015898327413638204,0.015598655,0.9845719410910669,1.7308462
2025-10-14,0.010082596507670172,0.0003414025201159515,0.009741193987554221,-0.0015643835,0.9941628473639379,1.7281384
2025-10-15,0.0033267253519158966,0.00032663174405881643,0.0030000936078570803,0.0040260553,0.9971454289674835,1.735096
2025-10-16,-0.011443245831426236,0.0003323837302659443,-0.01177562956169218,-0.0062943697,0.9854034137768277,1.7241746
2025-10-17,0.0017811745518550427,0.00033586225860788937,0.0014453122932471534,0.0052707195,0.9868276294445671,1.7332623
2025-10-20,0.014995570811768848,0.0003491037680609698,0.014646467043707877,0.010672212,1.0012811677970475,1.75176
2025-10-21,0.00690607479039371,0.0003452884439137188,0.00656078634647999,3.2782555e-05,1.0078503596117179,1.7518175
2025-10-22,-0.008173013076535196,0.00034323733642803634,-0.008516250412963233,-0.0053375363,0.9992672535704694,1.742467
2025-10-23,0.008089693134151456,0.00033431401952097945,0.007755379114630477,0.0058273077,1.007016949958744,1.7526209
2025-10-24,0.009879627696417327,0.00034006398582407,0.009539563710593257,0.007902503,1.0166234523105229,1.766471
2025-10-27,0.007469736892856279,0.0003482627012491558,0.0071214741916071226,0.01229012,1.0238633099887346,1.7881812
2025-10-28,0.0032560986657227814,0.0003410062853593344,0.002915092380363447,0.0022878647,1.0268479661222165,1.7922723
2025-10-29,-0.0031256284485193827,0.00034443797518245433,-0.003470066423701837,-4.3570995e-05,1.0232847354727292,1.7921942
2025-10-30,-0.007980348942831198,0.0003230948170715141,-0.008303443759902713,-0.009904802,1.0147879482213646,1.7744429
2025-10-31,0.002740140564150855,0.00034154294008942456,0.0023985976240614303,0.0026179552,1.0172220161828947,1.7790884
2025-11-03,-0.004037535370533207,0.00033380943921842575,-0.004371344809751632,0.0017206669,1.0127753880020884,1.7821496
2025-11-04,-0.008117703615636278,0.00032217479982605304,-0.00843987841546233,-0.01173687,1.004227686865178,1.7612327
2025-11-05,0.002585044630580389,0.00033203602886651266,0.0022530086017138766,0.0036536455,1.0064902204817645,1.7676677
2025-11-06,-0.014782617559501285,0.000333188262830712,-0.015115805822331997,-0.011178136,0.9912763097468861,1.7479085
2025-11-07,0.00891697440167687,0.00033437889562792575,0.008582595506048944,0.0012618303,0.9997840333481726,1.7501141
2025-11-10,0.0051060671332295166,0.0003459228560391093,0.004760144277190407,0.015401006,1.0045431495929413,1.7770675
2025-11-11,-0.0025587693156140174,0.00032109622749527266,-0.00287986554310929,0.0020753145,1.0016502003898622,1.7807555
2025-11-12,0.004382153789557507,0.00033150789694939343,0.004050645892608114,0.00062954426,1.0057075306599015,1.7818766
2025-11-13,-0.01534809012103107,0.00031964976740955233,-0.015667739888440623,-0.0165568,0.9899503666656763,1.7523744
2025-11-14,-0.0010560737178023744,0.00033401060993859695,-0.0013900843277409713,-0.0005017519,0.9885742521757328,1.7514951
2025-11-17,-0.00885796211917138,0.00032569560156167827,-0.009183657720733058,-0.009162307,0.9794955246122212,1.7354474
2025-11-18,-0.004478333394224427,0.0003401901365359789,-0.004818523530760406,-0.008256435,0.9747758023786027,1.7211188
2025-11-19,0.0033845276223216357,0.00033724739047073684,0.003047280231850899,0.0037539005,0.9777462174116776,1.7275797
2025-11-20,-0.033635202369940644,0.00029990403716416463,-0.03393510640710481,-0.015567303,0.944566295484668,1.700686
2025-11-21,0.0140541773448945,0.00034428604159178304,0.013709891303302716,0.009823084,0.957516196724526,1.717392
2025-11-24,0.02841852395624077,0.00033861599003980167,0.02807990796620097,0.015467167,0.9844031634046976,1.7439551
2025-11-25,0.014242735704153204,0.0003330710777887181,0.013909664626364485,0.009061694,0.9980958812647893,1.7597584
2025-11-26,0.01984576113615546,0.0003535403593821906,0.01949222077677327,0.006906748,1.0175509865387908,1.7719126
2025-11-28,0.010443801884196906,0.0003489828714990098,0.010094819012697896,0.005354762,1.027822979584092,1.7814008
2025-12-01,-0.008335048851650446,0.00031885617481559035,-0.008653905026466036,-0.005323291,1.018928297134752,1.7719179
2025-12-02,-0.0005119486890473617,0.00032995093987773735,-0.0008418996289250991,0.002457261,1.018070461779493,1.776272
2025-12-03,0.004403844399466402,0.00033839012530106915,0.004065454274165333,0.0029797554,1.0222093806897359,1.781565
2025-12-04,0.004021507012753028,0.0003269056465508517,0.0036946013662021767,0.0010802746,1.0259860368641769,1.7834896
2025-12-05,-0.004290935565732324,0.0003197110151295849,-0.004610646580861908,0.0019366741,1.021255577851297,1.7869437
2025-12-08,-0.0042138789827742594,0.00032373231674309456,-0.004537611299517354,-0.003477335,1.0166215170015438,1.7807299
2025-12-09,-0.0009075073859085991,0.00033174930600217396,-0.001239256691910773,-0.0008763075,1.0153616619834591,1.7791694
2025-12-10,0.012160097562119847,0.000340360673531103,0.011819736888588743,0.00674963,1.0273629696748638,1.7911782
2025-12-11,0.003633374869867233,0.0003249084971954236,0.003308466372671809,0.0020792484,1.0307619655125615,1.7949026
2025-12-12,0.0003140847782582097,0.0003377270791560157,-2.364230089780601e-05,-0.010663569,1.030737595928019,1.7757624
2025-12-15,0.004302809777434083,0.00032691655619001425,0.0039758932212440685,-0.00159657,1.0348356985485507,1.7729273
2025-12-16,-0.008928531318731274,0.00032236577015979485,-0.009250897088891069,-0.0023839474,1.0252625399973674,1.7687007
2025-12-17,-0.004537414057654949,0.0003312265966573718,-0.004868640654312321,-0.01159215,1.0202709051137926,1.7481977
2025-12-18,0.0045165479189724035,0.0003280903684994349,0.004188457550472969,0.007934213,1.0245442664898443,1.7620683
2025-12-19,0.0073150653179780084,0.0003361214292051726,0.006978943888772836,0.00881815,1.031694503437241,1.7776065
2025-12-22,0.004230783041694091,0.00033460311602316676,0.003896179925670924,0.006436467,1.035714170850958,1.789048
2025-12-23,0.00018145681029116279,0.0003347799842375271,-0.0001533231739463643,0.004550338,1.035555371866982,1.7971888
2025-12-24,0.0033141335902983414,0.0003323908479457797,0.0029817427423525617,0.0032215118,1.0386431315813507,1.8029784
2025-12-26,-0.0015423748932347607,0.0003295957086689591,-0.0018719706019037197,-0.00030440092,1.0366988221731612,1.8024296
2025-12-29,0.0014144366980095113,0.0003222891814106104,0.001092147516598901,-0.0034919977,1.0378310502172585,1.7961354
2025-12-30,0.00022910265498653527,0.0003297116330087934,-0.00010060897802225812,-0.0013757348,1.0377266350959364,1.7936645
2025-12-31,-0.0066638172023026345,0.0003306204092741704,-0.006994437611576805,-0.007357657,1.0304683208888863,1.7804673
